INSERT INTO trfu.appointments(id, uuid, deleted, NAME) VALUES (1, NULL, 0, 'Медицинская сестра');
INSERT INTO trfu.appointments(id, uuid, deleted, NAME) VALUES (2, NULL, 0, 'Операционная сестра');
INSERT INTO trfu.appointments(id, uuid, deleted, NAME) VALUES (3, NULL, 0, 'Врач-трансфузиолог');
INSERT INTO trfu.appointments(id, uuid, deleted, NAME) VALUES (4, NULL, 0, 'Заведующий отделением');
INSERT INTO trfu.appointments(id, uuid, deleted, NAME) VALUES (5, NULL, 0, 'Старшая сестра');
INSERT INTO trfu.appointments(id, uuid, deleted, NAME) VALUES (6, NULL, 0, 'Медицинский регистратор');
INSERT INTO trfu.appointments(id, uuid, deleted, NAME) VALUES (7, NULL, 0, 'Администратор подсистемы');
INSERT INTO trfu.crm_contragents(id, uuid, deleted, fullName, organizationCode, shortName, stateCode, nomenclature_id) VALUES (11, NULL, 0, 'Федеральный научно-клинический центр детской гематологии, онкологии и иммунологии Минздрава', 0, 'ФНКЦ ДГОИ', 0, NULL);
INSERT INTO trfu.crm_contragents(id, uuid, deleted, fullName, organizationCode, shortName, stateCode, nomenclature_id) VALUES (12, NULL, 0, 'ГБУЗ ВО "СПК г.Вязники"', 0, 'ГБУЗ ВО "СПК г.Вязники"', 0, NULL);
INSERT INTO trfu.crm_contragents(id, uuid, deleted, fullName, organizationCode, shortName, stateCode, nomenclature_id) VALUES (13, NULL, 0, 'Федеральное медико-биологическое агенство', 48, 'ФМБА', 77, NULL);
INSERT INTO trfu.crm_contragents(id, uuid, deleted, fullName, organizationCode, shortName, stateCode, nomenclature_id) VALUES (14, NULL, 0, 'Российские железные дороги', 0, 'РЖД', 0, NULL);
INSERT INTO trfu.crm_contragents(id, uuid, deleted, fullName, organizationCode, shortName, stateCode, nomenclature_id) VALUES (15, NULL, 0, 'НЦ ССХ им Бакулева', 12, 'ОПК Бакулева', 7706, NULL);
INSERT INTO trfu.crm_nomenclature(id, uuid, deleted, VALUE, category, description) VALUES (1, NULL, 0, 'Федеральные законодательные и исполнительные органы власти', '01', 'Федеральные законодательные и исполнительные органы власти');
INSERT INTO trfu.crm_nomenclature(id, uuid, deleted, VALUE, category, description) VALUES (2, NULL, 0, 'Минздравсоцразвития России', '02', 'Минздравсоцразвития России');
INSERT INTO trfu.crm_nomenclature(id, uuid, deleted, VALUE, category, description) VALUES (3, NULL, 0, 'Иные федеральные органы исполнительной власти', '03', 'Иные федеральные органы исполнительной власти');
INSERT INTO trfu.crm_nomenclature(id, uuid, deleted, VALUE, category, description) VALUES (4, NULL, 0, 'Территориальные управления федеральных органов исполнительской власти по г. Москве', '04', 'Территориальные управления федеральных органов исполнительской власти по г. Москве');
INSERT INTO trfu.crm_nomenclature(id, uuid, deleted, VALUE, category, description) VALUES (5, NULL, 0, 'Мэр Москвы и Правительство Москвы', '05', 'Мэр Москвы и Правительство Москвы');
INSERT INTO trfu.crm_nomenclature(id, uuid, deleted, VALUE, category, description) VALUES (6, NULL, 0, 'Фонд обязательного медицинского страхования, страховые компании', '06', 'Фонд обязательного медицинского страхования, страховые компании');
INSERT INTO trfu.crm_nomenclature(id, uuid, deleted, VALUE, category, description) VALUES (7, NULL, 0, 'Органы управления здравоохранением субъектов федерации и муниципальных образований', '07', 'Органы управления здравоохранением субъектов федерации и муниципальных образований');
INSERT INTO trfu.crm_nomenclature(id, uuid, deleted, VALUE, category, description) VALUES (8, NULL, 0, 'Учреждения здравоохранения различной подчиненности', '08', 'Учреждения здравоохранения различной подчиненности');
INSERT INTO trfu.crm_nomenclature(id, uuid, deleted, VALUE, category, description) VALUES (9, NULL, 0, 'Судебные и правоохранительные органы', '09', 'Судебные и правоохранительные органы');
INSERT INTO trfu.crm_nomenclature(id, uuid, deleted, VALUE, category, description) VALUES (10, NULL, 0, 'Прочие организации', '10', 'Прочие организации');
INSERT INTO trfu.crm_nomenclature(id, uuid, deleted, VALUE, category, description) VALUES (11, NULL, 0, 'Физические лица', '11', 'Физические лица');
INSERT INTO trfu.divisions(id, uuid, created, deleted, edited, NAME, author_id, editor_id) VALUES (1, NULL, '2012-05-30 20:04:26.0', 0, NULL, 'Отделение трансплантации гемопоэтических стволовых клеток №1', 1, NULL);
INSERT INTO trfu.divisions(id, uuid, created, deleted, edited, NAME, author_id, editor_id) VALUES (2, NULL, '2012-05-30 20:05:45.0', 0, NULL, 'Отделение трансплантации гемопоэтических стволовых клеток №2', 1, NULL);
INSERT INTO trfu.divisions(id, uuid, created, deleted, edited, NAME, author_id, editor_id) VALUES (3, NULL, '2012-05-30 20:05:57.0', 0, NULL, 'Отделение гематологии и депрессий кроветворения', 1, NULL);
INSERT INTO trfu.divisions(id, uuid, created, deleted, edited, NAME, author_id, editor_id) VALUES (4, NULL, '2012-05-30 20:06:14.0', 0, NULL, 'Отделение онкогематологии', 1, NULL);
INSERT INTO trfu.divisions(id, uuid, created, deleted, edited, NAME, author_id, editor_id) VALUES (5, NULL, '2012-05-30 20:06:33.0', 0, NULL, 'Отделение клинической онкологии', 1, NULL);
INSERT INTO trfu.divisions(id, uuid, created, deleted, edited, NAME, author_id, editor_id) VALUES (6, NULL, '2012-05-30 20:06:44.0', 0, NULL, 'Отделение иммунологии', 1, NULL);
INSERT INTO trfu.divisions(id, uuid, created, deleted, edited, NAME, author_id, editor_id) VALUES (7, NULL, '2012-05-30 20:06:54.0', 0, NULL, 'Отделение гематологии/онкологии для подростков и молодых взрослых', 1, NULL);
INSERT INTO trfu.divisions(id, uuid, created, deleted, edited, NAME, author_id, editor_id) VALUES (8, NULL, '2012-05-30 20:07:05.0', 0, NULL, 'Отделение педиатрии', 1, NULL);
INSERT INTO trfu.divisions(id, uuid, created, deleted, edited, NAME, author_id, editor_id) VALUES (9, NULL, '2012-05-30 20:07:15.0', 0, NULL, 'Отделение хирургии детей и подростков', 1, NULL);
INSERT INTO trfu.divisions(id, uuid, created, deleted, edited, NAME, author_id, editor_id) VALUES (10, NULL, '2012-05-30 20:07:25.0', 0, NULL, 'Дневной стационар', 1, NULL);
INSERT INTO trfu.divisions(id, uuid, created, deleted, edited, NAME, author_id, editor_id) VALUES (11, NULL, '2012-05-30 20:07:33.0', 0, NULL, 'Отделение реанимации и интенсивной терапии', 1, NULL);
INSERT INTO trfu.divisions(id, uuid, created, deleted, edited, NAME, author_id, editor_id) VALUES (12, NULL, '2012-05-30 20:07:44.0', 0, NULL, 'Приемное отделение', 1, NULL);
INSERT INTO trfu.divisions(id, uuid, created, deleted, edited, NAME, author_id, editor_id) VALUES (13, NULL, '2012-05-30 20:07:53.0', 0, NULL, 'Отделение хирургической анестезиологии и реанимации', 1, NULL);
INSERT INTO trfu.divisions(id, uuid, created, deleted, edited, NAME, author_id, editor_id) VALUES (14, '7c3fd71e-fce1-4942-9ebb-eca8ab2966d4', '2012-11-26 18:31:43.0', 0, NULL, 'Отделение детской гематологии и онкологии', 1, NULL);
INSERT INTO trfu.divisions(id, uuid, created, deleted, edited, NAME, author_id, editor_id) VALUES (15, '4b1b13f5-8f7f-4b84-ba22-87d900d3c3c9', '2012-11-26 18:34:13.0', 0, NULL, 'Отделение гематологии/онкологии для подростков и молодежи', 1, NULL);
INSERT INTO trfu.person(id, uuid, created, deleted, email, firstName, lastName, login, middleName, mobilePhone, password, phone, appointment_id, selectedRole_id) VALUES (1, NULL, '2011-11-24 11:03:30.0', 1, '', '', 'Administrator', 'Administrator', '', NULL, 'Qaz12345', NULL, NULL, 10);
INSERT INTO trfu.person_roles(person_id, role_id) VALUES (1, 1);
INSERT INTO trfu.person_roles(person_id, role_id) VALUES (1, 2);
INSERT INTO trfu.person_roles(person_id, role_id) VALUES (1, 3);
INSERT INTO trfu.person_roles(person_id, role_id) VALUES (1, 4);
INSERT INTO trfu.person_roles(person_id, role_id) VALUES (1, 5);
INSERT INTO trfu.person_roles(person_id, role_id) VALUES (1, 6);
INSERT INTO trfu.person_roles(person_id, role_id) VALUES (1, 7);
INSERT INTO trfu.person_roles(person_id, role_id) VALUES (1, 8);
INSERT INTO trfu.person_roles(person_id, role_id) VALUES (1, 9);
INSERT INTO trfu.person_roles(person_id, role_id) VALUES (1, 10);
INSERT INTO trfu.person_roles(person_id, role_id) VALUES (1, 11);
INSERT INTO trfu.person_roles(person_id, role_id) VALUES (1, 12);
INSERT INTO trfu.person_roles(person_id, role_id) VALUES (1, 13);
INSERT INTO trfu.report_parameters(id, uuid, alias, classfierName, description) VALUES (1, NULL, 'analysis_types_C', 'C', 'C');
INSERT INTO trfu.report_parameters(id, uuid, alias, classfierName, description) VALUES (2, NULL, 'analysis_types_c1', 'c', 'c');
INSERT INTO trfu.report_parameters(id, uuid, alias, classfierName, description) VALUES (3, NULL, 'analysis_types_D', 'D', 'D');
INSERT INTO trfu.report_parameters(id, uuid, alias, classfierName, description) VALUES (4, NULL, 'analysis_types_E', 'E', 'E');
INSERT INTO trfu.report_parameters(id, uuid, alias, classfierName, description) VALUES (5, NULL, 'analysis_types_e1', 'e', 'e');
INSERT INTO trfu.report_parameters(id, uuid, alias, classfierName, description) VALUES (6, NULL, 'analysis_types_k', 'K', 'K');
INSERT INTO trfu.report_templates(id, uuid, deleted, displayInFolders, displayName, endAlias, endDescription, startAlias, startDescription, templateName, TYPE) VALUES (2, NULL, 0, 1, 'Форма 410/у - Дневник учета доноров', 'EndDate', 'Конец периода', 'StartDate', 'Начало периода', 'donor_journal.jrxml', 1);
INSERT INTO trfu.report_templates(id, uuid, deleted, displayInFolders, displayName, endAlias, endDescription, startAlias, startDescription, templateName, TYPE) VALUES (3, NULL, 0, 1, 'Форма 411/у-П2 - Журнал операционной (доноры крови)', NULL, NULL, 'FactDonationDate', 'Дата', 'operational_journal_blood.jrxml', 0);
INSERT INTO trfu.report_templates(id, uuid, deleted, displayInFolders, displayName, endAlias, endDescription, startAlias, startDescription, templateName, TYPE) VALUES (4, NULL, 0, 1, 'Форма 411/у-П3 - Журнал операционной (доноры тромбоцитов)', NULL, NULL, 'FactDonationDate', 'Дата', 'operational_journal_tromb.jrxml', 0);
INSERT INTO trfu.report_templates(id, uuid, deleted, displayInFolders, displayName, endAlias, endDescription, startAlias, startDescription, templateName, TYPE) VALUES (5, NULL, 0, 1, 'Форма 411/у-П4 - Протокол исследований сыворотки доноров крови на ВИЧ, гепатиты В и С, сифилис в бактериологическую лабораторию', NULL, NULL, 'CreateDate', 'Дата', 'blood_serum_research_protocol_result.jrxml', 0);
INSERT INTO trfu.report_templates(id, uuid, deleted, displayInFolders, displayName, endAlias, endDescription, startAlias, startDescription, templateName, TYPE) VALUES (6, NULL, 0, 1, 'Форма 424/у-П - Сводка о наличии компонентов крови', NULL, NULL, 'CreateDate', 'Дата', 'form_424_u-P.jrxml', 0);
INSERT INTO trfu.report_templates(id, uuid, deleted, displayInFolders, displayName, endAlias, endDescription, startAlias, startDescription, templateName, TYPE) VALUES (7, NULL, 0, 1, 'Накладная на выдачу компонентов крови', NULL, NULL, 'OrderNumber', 'Заявка на выдачу КК', 'invoice.jrxml', 2);
INSERT INTO trfu.report_templates(id, uuid, deleted, displayInFolders, displayName, endAlias, endDescription, startAlias, startDescription, templateName, TYPE) VALUES (8, NULL, 0, 1, 'Форма 419/у-П - Отчет о работе отделения заготовки (кровь)', 'EndDate', 'Конец периода', 'StartDate', 'Начало периода', 'form419_u_P_summary_blood.jrxml', 1);
INSERT INTO trfu.report_templates(id, uuid, deleted, displayInFolders, displayName, endAlias, endDescription, startAlias, startDescription, templateName, TYPE) VALUES (9, NULL, 0, 1, 'Форма 420/у-П1 - Отчет о работе отделения заготовки (тромбоциты)', 'EndDate', 'Конец периода', 'StartDate', 'Начало периода', 'form420_a_u_P1_summary_tromb.jrxml', 1);
INSERT INTO trfu.report_templates(id, uuid, deleted, displayInFolders, displayName, endAlias, endDescription, startAlias, startDescription, templateName, TYPE) VALUES (10, NULL, 0, 1, 'Форма 411/у-П1 - Список доноров и обследований', NULL, NULL, 'Donation_date', 'Дата', 'form411_u-P1_list_of_donors.jrxml', 0);
INSERT INTO trfu.report_templates(id, uuid, deleted, displayInFolders, displayName, endAlias, endDescription, startAlias, startDescription, templateName, TYPE) VALUES (11, NULL, 0, 1, 'Форма 423/у-П1 - Ведомость учета движения крови и ее компонентов по отделу выдачи', 'EndDate', 'Конец периода', 'StartDate', 'Начало периода', 'form423.jrxml', 1);
INSERT INTO trfu.report_templates(id, uuid, deleted, displayInFolders, displayName, endAlias, endDescription, startAlias, startDescription, templateName, TYPE) VALUES (12, NULL, 0, 1, 'Форма 410/у-П4 - Список доноров для страхования', 'EndDate', 'Конец периода', 'StartDate', 'Начало периода', 'donor_list_for_insurance.jrxml', 1);
INSERT INTO trfu.report_templates(id, uuid, deleted, displayInFolders, displayName, endAlias, endDescription, startAlias, startDescription, templateName, TYPE) VALUES (13, NULL, 0, 1, 'Форма 410/у-П1 - Список доноров за день', NULL, NULL, 'StartDate', 'Дата', 'form_410_u-P1_List_of_donors.jrxml', 0);
INSERT INTO trfu.report_templates(id, uuid, deleted, displayInFolders, displayName, endAlias, endDescription, startAlias, startDescription, templateName, TYPE) VALUES (14, NULL, 0, 1, 'Форма 410/у-П2 - Список доноров за период', 'EndDate', 'Конец периода', 'StartDate', 'Начало периода', 'form_410_u-P2_List_of_donors.jrxml', 1);
INSERT INTO trfu.report_templates(id, uuid, deleted, displayInFolders, displayName, endAlias, endDescription, startAlias, startDescription, templateName, TYPE) VALUES (15, NULL, 0, 1, 'Форма 410/у-П3 - Список приема за период', 'EndDate', 'Конец периода', 'StartDate', 'Начало периода', 'form_410_u-P3.jrxml', 1);
INSERT INTO trfu.report_templates(id, uuid, deleted, displayInFolders, displayName, endAlias, endDescription, startAlias, startDescription, templateName, TYPE) VALUES (16, NULL, 0, 1, 'Форма 420/у-П2 - Отчет по фракционированию', NULL, NULL, 'FactDonationDate', 'Дата', 'fractionation_journal.jrxml', 0);
INSERT INTO trfu.report_templates(id, uuid, deleted, displayInFolders, displayName, endAlias, endDescription, startAlias, startDescription, templateName, TYPE) VALUES (17, NULL, 1, 1, 'Отчет по центрифугированию (Форма 420/у-П1)', NULL, NULL, 'DonationDate', 'Дата', 'form420_u-P1_centrifuging.jrxml', 0);
INSERT INTO trfu.report_templates(id, uuid, deleted, displayInFolders, displayName, endAlias, endDescription, startAlias, startDescription, templateName, TYPE) VALUES (18, NULL, 0, 1, 'Форма 418/у-П2 - Сводка браков, зарегистрированных за период', 'EndDate', 'Конец периода', 'StartDate', 'Начало периода', 'form_418_U-P2.jrxml', 1);
INSERT INTO trfu.report_templates(id, uuid, deleted, displayInFolders, displayName, endAlias, endDescription, startAlias, startDescription, templateName, TYPE) VALUES (19, NULL, 0, 1, 'Форма 418/у-П3 - Результаты серологических анализов за период', 'EndDate', 'Конец периода', 'StartDate', 'Начало периода', 'form_418_u-P3.jrxml', 1);
INSERT INTO trfu.report_templates(id, uuid, deleted, displayInFolders, displayName, endAlias, endDescription, startAlias, startDescription, templateName, TYPE) VALUES (20, NULL, 0, 1, 'Форма 411/у-П5 - Протокол исследований сыворотки доноров крови на ВИЧ, гепатиты В и С в лабораторию молекулярной диагностики', NULL, NULL, 'CreateDate', 'Дата', 'blood_serum_research_protocol_molec_result.jrxml', 0);
INSERT INTO trfu.report_templates(id, uuid, deleted, displayInFolders, displayName, endAlias, endDescription, startAlias, startDescription, templateName, TYPE) VALUES (21, NULL, 0, 1, 'Форма 422/у-П2 - Накладная выдачи крови и ее компонентов из отдела выдачи', NULL, NULL, 'Date', 'Дата', 'form_422_u-P2.jrxml', 0);
INSERT INTO trfu.report_templates(id, uuid, deleted, displayInFolders, displayName, endAlias, endDescription, startAlias, startDescription, templateName, TYPE) VALUES (22, NULL, 0, 1, 'Форма 422/у-П3 - Накладная выдачи крови и ее компонентов из отдела выдачи с учетом реципиентов', NULL, NULL, 'Date', 'Дата', 'form_422_u-P3.jrxml', 0);
INSERT INTO trfu.report_templates(id, uuid, deleted, displayInFolders, displayName, endAlias, endDescription, startAlias, startDescription, templateName, TYPE) VALUES (23, NULL, 0, 1, 'Форма 443/у-П - Накладная передачи крови и ее компонентов из отделения СПК (ОПК) в отдел выдачи', NULL, NULL, 'ReadyDate', 'Дата', 'form_443_u_P.jrxml', 0);
INSERT INTO trfu.report_templates(id, uuid, deleted, displayInFolders, displayName, endAlias, endDescription, startAlias, startDescription, templateName, TYPE) VALUES (24, NULL, 0, 1, 'Форма 412/у-П - Журнал операционной (доноры плазмы)', NULL, NULL, 'FactDonationDate', 'Дата', 'operational_journal_plasm.jrxml', 0);
INSERT INTO trfu.report_templates(id, uuid, deleted, displayInFolders, displayName, endAlias, endDescription, startAlias, startDescription, templateName, TYPE) VALUES (25, NULL, 0, 1, 'Форма 418/у-П1 - Сводка браков за период', 'EndDate', 'Конец периода', 'StartDate', 'Начало периода', 'form_418_u-P1_Summary_rejections.jrxml', 1);
INSERT INTO trfu.report_templates(id, uuid, deleted, displayInFolders, displayName, endAlias, endDescription, startAlias, startDescription, templateName, TYPE) VALUES (26, NULL, 0, 1, 'Форма 420-А/у-П2 - Отчет по автоматическому плазмаферезу за период', 'EndDate', 'Конец периода', 'StartDate', 'Начало периода', 'form_420_A_u-P2.jrxml', 1);
INSERT INTO trfu.report_templates(id, uuid, deleted, displayInFolders, displayName, endAlias, endDescription, startAlias, startDescription, templateName, TYPE) VALUES (27, NULL, 0, 1, 'Форма 420-А/у-П3 - Отчет по автоматическому плазмаферезу за период (распределение по типам, объемам, направлениям', 'EndDate', 'Конец периода', 'StartDate', 'Начало периода', 'form_420_A_u-P3.jrxml', 1);
INSERT INTO trfu.report_templates(id, uuid, deleted, displayInFolders, displayName, endAlias, endDescription, startAlias, startDescription, templateName, TYPE) VALUES (28, NULL, 0, 1, 'Форма 444/у-П1 - Накладная приема брака в группу по учету, выбраковки и утилизации крови и ее компонентов', NULL, NULL, 'Date', 'Дата', 'form_444_u-P1.jrxml', 0);
INSERT INTO trfu.report_templates(id, uuid, deleted, displayInFolders, displayName, endAlias, endDescription, startAlias, startDescription, templateName, TYPE) VALUES (29, NULL, 0, 1, 'Форма 444/у-П2 - Акт изъятия забракованных компонентов (абсолютный брак)', NULL, NULL, 'Date', 'Дата', 'form_444_u-P2.jrxml', 0);
INSERT INTO trfu.report_templates(id, uuid, deleted, displayInFolders, displayName, endAlias, endDescription, startAlias, startDescription, templateName, TYPE) VALUES (30, NULL, 0, 1, 'Форма 444/у-П3 - Акт изъятия забракованных компонентов (относительный брак)', NULL, NULL, 'Date', 'Дата', 'form_444_u-P3.jrxml', 0);
INSERT INTO trfu.report_templates(id, uuid, deleted, displayInFolders, displayName, endAlias, endDescription, startAlias, startDescription, templateName, TYPE) VALUES (31, NULL, 0, 1, 'Форма 444/у-П4 - Акт об уничтожении абсолютного брака крови и ее компонентов', NULL, NULL, 'Date', 'Дата', 'form_444_u-P4.jrxml', 0);
INSERT INTO trfu.report_templates(id, uuid, deleted, displayInFolders, displayName, endAlias, endDescription, startAlias, startDescription, templateName, TYPE) VALUES (32, NULL, 0, 1, 'Форма 444/у-П5 - Акт об уничтожении относительного брака крови и ее компонентов', NULL, NULL, 'Date', 'Дата', 'form_444_u-P5.jrxml', 0);
INSERT INTO trfu.report_templates(id, uuid, deleted, displayInFolders, displayName, endAlias, endDescription, startAlias, startDescription, templateName, TYPE) VALUES (33, NULL, 0, 1, 'Форма 422/у-П1 - Журнал регистрации выдачи крови ее компонентов', NULL, NULL, 'ComponentProductionDate', 'Дата', 'form_422_u-P1_Blood_registration_journal.jrxml', 0);
INSERT INTO trfu.report_templates(id, uuid, deleted, displayInFolders, displayName, endAlias, endDescription, startAlias, startDescription, templateName, TYPE) VALUES (34, NULL, 0, 1, 'Форма 423/у-П2 - Сводка о выдаче компонентов крови', NULL, NULL, 'Date', 'Дата', 'form_423_U-P2.jrxml', 0);
INSERT INTO trfu.report_templates(id, uuid, deleted, displayInFolders, displayName, endAlias, endDescription, startAlias, startDescription, templateName, TYPE) VALUES (35, NULL, 0, 1, 'Форма 420/у-П3 - Отчет отделения фракционирования за период', 'EndDate', 'Конец периода', 'StartDate', 'Начало периода', 'form 420_u_P3.jrxml', 1);
INSERT INTO trfu.report_templates(id, uuid, deleted, displayInFolders, displayName, endAlias, endDescription, startAlias, startDescription, templateName, TYPE) VALUES (36, NULL, 0, 1, 'Форма 421/у-П - Подбор доноров', '', '', '', '', 'form_421_u-P.jrxml', 3);
INSERT INTO trfu.report_templates(id, uuid, deleted, displayInFolders, displayName, endAlias, endDescription, startAlias, startDescription, templateName, TYPE) VALUES (37, NULL, 0, 0, 'Контроль корректности заполнения карт доноров', 'EndDate', 'Конец периода', 'StartDate', 'Начало периода', 'Blank_fields_donors.jrxml', 1);
INSERT INTO trfu.report_templates(id, uuid, deleted, displayInFolders, displayName, endAlias, endDescription, startAlias, startDescription, templateName, TYPE) VALUES (40, NULL, 0, 0, 'Корректность заполнения обращений на донацию', 'EndDate', 'Конец периода', 'StartDate', 'Начало периода', 'Blank_fields_blood_donation_request.jrxml', 1);
INSERT INTO trfu.report_templates(id, uuid, deleted, displayInFolders, displayName, endAlias, endDescription, startAlias, startDescription, templateName, TYPE) VALUES (41, NULL, 0, 0, 'Корректность заполнения обращений на обследование', 'EndDate', 'Конец периода', 'StartDate', 'Начало периода', 'Blank_fields_examination_request.jrxml', 1);
INSERT INTO trfu.report_templates(id, uuid, deleted, displayInFolders, displayName, endAlias, endDescription, startAlias, startDescription, templateName, TYPE) VALUES (42, NULL, 0, 0, 'Корректность заполнения компонентов крови', 'EndDate', 'Конец периода', 'StartDate', 'Начало периода', 'Blank_fields_blood_components.jrxml', 1);
INSERT INTO trfu.report_templates(id, uuid, deleted, displayInFolders, displayName, endAlias, endDescription, startAlias, startDescription, templateName, TYPE) VALUES (43, NULL, 0, 0, 'Перечень лечебных процедур по типам', 'EndDate', 'Конец периода', 'StartDate', 'Начало периода', 'Medical_operations_types.jrxml', 1);
INSERT INTO trfu.report_templates(id, uuid, deleted, displayInFolders, displayName, endAlias, endDescription, startAlias, startDescription, templateName, TYPE) VALUES (44, NULL, 0, 1, 'Форма 414/у - Журнал карантинизации', NULL, NULL, 'Date', 'Дата', 'form_414_u.jrxml', 0);
INSERT INTO trfu.report_templates(id, uuid, deleted, displayInFolders, displayName, endAlias, endDescription, startAlias, startDescription, templateName, TYPE) VALUES (45, NULL, 0, 1, 'Форма 444/у-П6 - Ведомость уничтожения брака крови', NULL, NULL, 'Date', 'Дата', 'form_444_u-P6.jrxml', 0);
INSERT INTO trfu.report_templates(id, uuid, deleted, displayInFolders, displayName, endAlias, endDescription, startAlias, startDescription, templateName, TYPE) VALUES (46, NULL, 0, 0, 'Перечень лечебных процедур по реципиентам', 'EndDate', 'Конец периода', 'StartDate', 'Начало периода', 'Medical_operations_recipients.jrxml', 1);
INSERT INTO trfu.report_templates(id, uuid, deleted, displayInFolders, displayName, endAlias, endDescription, startAlias, startDescription, templateName, TYPE) VALUES (47, NULL, 0, 0, 'Перечень лечебных процедур по отделениям', 'EndDate', 'Конец периода', 'StartDate', 'Начало периода', 'Medical_operations_divisions.jrxml', 1);
INSERT INTO trfu.report_templates(id, uuid, deleted, displayInFolders, displayName, endAlias, endDescription, startAlias, startDescription, templateName, TYPE) VALUES (48, NULL, 0, 0, 'Форма 411/у-П6 - Ведомость забора крови у доноров в операционной', NULL, NULL, 'CreateDate', 'Дата', 'operational_list.jrxml', 0);
INSERT INTO trfu.report_templates(id, uuid, deleted, displayInFolders, displayName, endAlias, endDescription, startAlias, startDescription, templateName, TYPE) VALUES (50, NULL, 0, 1, 'Форма 411/у-П7 - Протокол исследований сыворотки доноров крови на ВИЧ, гепатиты В и С в лабораторию молекулярной диагностики(результат)', NULL, NULL, 'CreateDate', 'Дата', 'blood_serum_research_protocol_molec_result.jrxml', 0);
INSERT INTO trfu.report_templates(id, uuid, deleted, displayInFolders, displayName, endAlias, endDescription, startAlias, startDescription, templateName, TYPE) VALUES (51, NULL, 0, 1, 'Форма 411/у-П8 - Протокол исследований сыворотки доноров крови на ВИЧ, гепатиты В и С, сифилис в бактериологическую лабораторию(результат)', NULL, NULL, 'CreateDate', 'Дата', 'blood_serum_research_protocol_result.jrxml', 0);
INSERT INTO trfu.report_templates(id, uuid, deleted, displayInFolders, displayName, endAlias, endDescription, startAlias, startDescription, templateName, TYPE) VALUES (52, NULL, 0, 1, 'Форма 410/у-П5 - Отчет для ЕДЦ за дату', NULL, NULL, 'StartDate', 'Дата', '410_u-P5_List_of_donors_for EDC.jrxml', 0);
INSERT INTO trfu.report_templates(id, uuid, deleted, displayInFolders, displayName, endAlias, endDescription, startAlias, startDescription, templateName, TYPE) VALUES (53, NULL, 0, 1, 'Протокол исследований показателей контроля качества(бакт.)', NULL, NULL, 'ControlDate', 'Дата', 'quality_control_list_bak_result.jrxml', 0);
INSERT INTO trfu.report_templates(id, uuid, deleted, displayInFolders, displayName, endAlias, endDescription, startAlias, startDescription, templateName, TYPE) VALUES (54, NULL, 0, 1, 'Протокол исследований показателей контроля качества (КДЛ)', NULL, NULL, 'ControlDate', 'Дата', 'quality_control_list_kdl_result.jrxml', 0);
INSERT INTO trfu.report_templates(id, uuid, deleted, displayInFolders, displayName, endAlias, endDescription, startAlias, startDescription, templateName, TYPE) VALUES (55, NULL, 0, 1, 'Форма 444/у-П7 - Акт изъятия закупленных компонентов', NULL, NULL, 'Date', 'Дата', 'form_444_u-P7.jrxml', 0);
INSERT INTO trfu.report_templates(id, uuid, deleted, displayInFolders, displayName, endAlias, endDescription, startAlias, startDescription, templateName, TYPE) VALUES (56, NULL, 0, 1, 'Форма 444/у-П8 - Акт об уничтожении закупленных компонентов', NULL, NULL, 'Date', 'Дата', 'form_444_u-P8.jrxml', 0);
INSERT INTO trfu.report_template_parameters(report_id, parameter_id) VALUES (36, 1);
INSERT INTO trfu.report_template_parameters(report_id, parameter_id) VALUES (36, 2);
INSERT INTO trfu.report_template_parameters(report_id, parameter_id) VALUES (36, 3);
INSERT INTO trfu.report_template_parameters(report_id, parameter_id) VALUES (36, 4);
INSERT INTO trfu.report_template_parameters(report_id, parameter_id) VALUES (36, 5);
INSERT INTO trfu.report_template_parameters(report_id, parameter_id) VALUES (36, 6);
INSERT INTO trfu.report_template_roles(report_id, role_id) VALUES (53, 1);
INSERT INTO trfu.report_template_roles(report_id, role_id) VALUES (54, 1);
INSERT INTO trfu.report_template_roles(report_id, role_id) VALUES (2, 2);
INSERT INTO trfu.report_template_roles(report_id, role_id) VALUES (3, 2);
INSERT INTO trfu.report_template_roles(report_id, role_id) VALUES (4, 2);
INSERT INTO trfu.report_template_roles(report_id, role_id) VALUES (5, 2);
INSERT INTO trfu.report_template_roles(report_id, role_id) VALUES (8, 2);
INSERT INTO trfu.report_template_roles(report_id, role_id) VALUES (9, 2);
INSERT INTO trfu.report_template_roles(report_id, role_id) VALUES (11, 2);
INSERT INTO trfu.report_template_roles(report_id, role_id) VALUES (13, 2);
INSERT INTO trfu.report_template_roles(report_id, role_id) VALUES (16, 2);
INSERT INTO trfu.report_template_roles(report_id, role_id) VALUES (18, 2);
INSERT INTO trfu.report_template_roles(report_id, role_id) VALUES (19, 2);
INSERT INTO trfu.report_template_roles(report_id, role_id) VALUES (20, 2);
INSERT INTO trfu.report_template_roles(report_id, role_id) VALUES (23, 2);
INSERT INTO trfu.report_template_roles(report_id, role_id) VALUES (24, 2);
INSERT INTO trfu.report_template_roles(report_id, role_id) VALUES (25, 2);
INSERT INTO trfu.report_template_roles(report_id, role_id) VALUES (26, 2);
INSERT INTO trfu.report_template_roles(report_id, role_id) VALUES (27, 2);
INSERT INTO trfu.report_template_roles(report_id, role_id) VALUES (28, 2);
INSERT INTO trfu.report_template_roles(report_id, role_id) VALUES (29, 2);
INSERT INTO trfu.report_template_roles(report_id, role_id) VALUES (30, 2);
INSERT INTO trfu.report_template_roles(report_id, role_id) VALUES (31, 2);
INSERT INTO trfu.report_template_roles(report_id, role_id) VALUES (32, 2);
INSERT INTO trfu.report_template_roles(report_id, role_id) VALUES (35, 2);
INSERT INTO trfu.report_template_roles(report_id, role_id) VALUES (36, 2);
INSERT INTO trfu.report_template_roles(report_id, role_id) VALUES (44, 2);
INSERT INTO trfu.report_template_roles(report_id, role_id) VALUES (45, 2);
INSERT INTO trfu.report_template_roles(report_id, role_id) VALUES (52, 2);
INSERT INTO trfu.report_template_roles(report_id, role_id) VALUES (2, 3);
INSERT INTO trfu.report_template_roles(report_id, role_id) VALUES (10, 3);
INSERT INTO trfu.report_template_roles(report_id, role_id) VALUES (12, 3);
INSERT INTO trfu.report_template_roles(report_id, role_id) VALUES (13, 3);
INSERT INTO trfu.report_template_roles(report_id, role_id) VALUES (14, 3);
INSERT INTO trfu.report_template_roles(report_id, role_id) VALUES (15, 3);
INSERT INTO trfu.report_template_roles(report_id, role_id) VALUES (52, 3);
INSERT INTO trfu.report_template_roles(report_id, role_id) VALUES (6, 4);
INSERT INTO trfu.report_template_roles(report_id, role_id) VALUES (11, 4);
INSERT INTO trfu.report_template_roles(report_id, role_id) VALUES (21, 4);
INSERT INTO trfu.report_template_roles(report_id, role_id) VALUES (22, 4);
INSERT INTO trfu.report_template_roles(report_id, role_id) VALUES (23, 4);
INSERT INTO trfu.report_template_roles(report_id, role_id) VALUES (28, 4);
INSERT INTO trfu.report_template_roles(report_id, role_id) VALUES (29, 4);
INSERT INTO trfu.report_template_roles(report_id, role_id) VALUES (30, 4);
INSERT INTO trfu.report_template_roles(report_id, role_id) VALUES (31, 4);
INSERT INTO trfu.report_template_roles(report_id, role_id) VALUES (32, 4);
INSERT INTO trfu.report_template_roles(report_id, role_id) VALUES (33, 4);
INSERT INTO trfu.report_template_roles(report_id, role_id) VALUES (34, 4);
INSERT INTO trfu.report_template_roles(report_id, role_id) VALUES (45, 4);
INSERT INTO trfu.report_template_roles(report_id, role_id) VALUES (3, 5);
INSERT INTO trfu.report_template_roles(report_id, role_id) VALUES (4, 5);
INSERT INTO trfu.report_template_roles(report_id, role_id) VALUES (5, 5);
INSERT INTO trfu.report_template_roles(report_id, role_id) VALUES (20, 5);
INSERT INTO trfu.report_template_roles(report_id, role_id) VALUES (24, 5);
INSERT INTO trfu.report_template_roles(report_id, role_id) VALUES (16, 6);
INSERT INTO trfu.report_template_roles(report_id, role_id) VALUES (35, 6);
INSERT INTO trfu.report_template_roles(report_id, role_id) VALUES (18, 8);
INSERT INTO trfu.report_template_roles(report_id, role_id) VALUES (25, 8);
INSERT INTO trfu.report_template_roles(report_id, role_id) VALUES (44, 9);
INSERT INTO trfu.report_template_roles(report_id, role_id) VALUES (53, 11);
INSERT INTO trfu.report_template_roles(report_id, role_id) VALUES (54, 11);
INSERT INTO trfu.report_template_roles(report_id, role_id) VALUES (2, 12);
INSERT INTO trfu.report_template_roles(report_id, role_id) VALUES (3, 12);
INSERT INTO trfu.report_template_roles(report_id, role_id) VALUES (4, 12);
INSERT INTO trfu.report_template_roles(report_id, role_id) VALUES (5, 12);
INSERT INTO trfu.report_template_roles(report_id, role_id) VALUES (6, 12);
INSERT INTO trfu.report_template_roles(report_id, role_id) VALUES (8, 12);
INSERT INTO trfu.report_template_roles(report_id, role_id) VALUES (9, 12);
INSERT INTO trfu.report_template_roles(report_id, role_id) VALUES (10, 12);
INSERT INTO trfu.report_template_roles(report_id, role_id) VALUES (11, 12);
INSERT INTO trfu.report_template_roles(report_id, role_id) VALUES (12, 12);
INSERT INTO trfu.report_template_roles(report_id, role_id) VALUES (13, 12);
INSERT INTO trfu.report_template_roles(report_id, role_id) VALUES (14, 12);
INSERT INTO trfu.report_template_roles(report_id, role_id) VALUES (15, 12);
INSERT INTO trfu.report_template_roles(report_id, role_id) VALUES (16, 12);
INSERT INTO trfu.report_template_roles(report_id, role_id) VALUES (18, 12);
INSERT INTO trfu.report_template_roles(report_id, role_id) VALUES (19, 12);
INSERT INTO trfu.report_template_roles(report_id, role_id) VALUES (20, 12);
INSERT INTO trfu.report_template_roles(report_id, role_id) VALUES (21, 12);
INSERT INTO trfu.report_template_roles(report_id, role_id) VALUES (22, 12);
INSERT INTO trfu.report_template_roles(report_id, role_id) VALUES (23, 12);
INSERT INTO trfu.report_template_roles(report_id, role_id) VALUES (24, 12);
INSERT INTO trfu.report_template_roles(report_id, role_id) VALUES (25, 12);
INSERT INTO trfu.report_template_roles(report_id, role_id) VALUES (26, 12);
INSERT INTO trfu.report_template_roles(report_id, role_id) VALUES (27, 12);
INSERT INTO trfu.report_template_roles(report_id, role_id) VALUES (28, 12);
INSERT INTO trfu.report_template_roles(report_id, role_id) VALUES (29, 12);
INSERT INTO trfu.report_template_roles(report_id, role_id) VALUES (30, 12);
INSERT INTO trfu.report_template_roles(report_id, role_id) VALUES (31, 12);
INSERT INTO trfu.report_template_roles(report_id, role_id) VALUES (32, 12);
INSERT INTO trfu.report_template_roles(report_id, role_id) VALUES (33, 12);
INSERT INTO trfu.report_template_roles(report_id, role_id) VALUES (34, 12);
INSERT INTO trfu.report_template_roles(report_id, role_id) VALUES (35, 12);
INSERT INTO trfu.report_template_roles(report_id, role_id) VALUES (44, 12);
INSERT INTO trfu.report_template_roles(report_id, role_id) VALUES (45, 12);
INSERT INTO trfu.report_template_roles(report_id, role_id) VALUES (2, 13);
INSERT INTO trfu.report_template_roles(report_id, role_id) VALUES (3, 13);
INSERT INTO trfu.report_template_roles(report_id, role_id) VALUES (4, 13);
INSERT INTO trfu.report_template_roles(report_id, role_id) VALUES (5, 13);
INSERT INTO trfu.report_template_roles(report_id, role_id) VALUES (6, 13);
INSERT INTO trfu.report_template_roles(report_id, role_id) VALUES (8, 13);
INSERT INTO trfu.report_template_roles(report_id, role_id) VALUES (9, 13);
INSERT INTO trfu.report_template_roles(report_id, role_id) VALUES (10, 13);
INSERT INTO trfu.report_template_roles(report_id, role_id) VALUES (11, 13);
INSERT INTO trfu.report_template_roles(report_id, role_id) VALUES (12, 13);
INSERT INTO trfu.report_template_roles(report_id, role_id) VALUES (13, 13);
INSERT INTO trfu.report_template_roles(report_id, role_id) VALUES (14, 13);
INSERT INTO trfu.report_template_roles(report_id, role_id) VALUES (15, 13);
INSERT INTO trfu.report_template_roles(report_id, role_id) VALUES (16, 13);
INSERT INTO trfu.report_template_roles(report_id, role_id) VALUES (18, 13);
INSERT INTO trfu.report_template_roles(report_id, role_id) VALUES (19, 13);
INSERT INTO trfu.report_template_roles(report_id, role_id) VALUES (20, 13);
INSERT INTO trfu.report_template_roles(report_id, role_id) VALUES (21, 13);
INSERT INTO trfu.report_template_roles(report_id, role_id) VALUES (22, 13);
INSERT INTO trfu.report_template_roles(report_id, role_id) VALUES (23, 13);
INSERT INTO trfu.report_template_roles(report_id, role_id) VALUES (24, 13);
INSERT INTO trfu.report_template_roles(report_id, role_id) VALUES (25, 13);
INSERT INTO trfu.report_template_roles(report_id, role_id) VALUES (26, 13);
INSERT INTO trfu.report_template_roles(report_id, role_id) VALUES (27, 13);
INSERT INTO trfu.report_template_roles(report_id, role_id) VALUES (28, 13);
INSERT INTO trfu.report_template_roles(report_id, role_id) VALUES (29, 13);
INSERT INTO trfu.report_template_roles(report_id, role_id) VALUES (30, 13);
INSERT INTO trfu.report_template_roles(report_id, role_id) VALUES (31, 13);
INSERT INTO trfu.report_template_roles(report_id, role_id) VALUES (32, 13);
INSERT INTO trfu.report_template_roles(report_id, role_id) VALUES (33, 13);
INSERT INTO trfu.report_template_roles(report_id, role_id) VALUES (34, 13);
INSERT INTO trfu.report_template_roles(report_id, role_id) VALUES (35, 13);
INSERT INTO trfu.report_template_roles(report_id, role_id) VALUES (36, 13);
INSERT INTO trfu.report_template_roles(report_id, role_id) VALUES (44, 13);
INSERT INTO trfu.report_template_roles(report_id, role_id) VALUES (45, 13);
INSERT INTO trfu.report_template_roles(report_id, role_id) VALUES (52, 13);
INSERT INTO trfu.roles(id, uuid, NAME, roleType) VALUES (1, NULL, 'Администратор', 'ENTERPRISE_ADMINISTRATION');
INSERT INTO trfu.roles(id, uuid, NAME, roleType) VALUES (2, NULL, 'Врач-трансфузиолог', 'THERAPIST');
INSERT INTO trfu.roles(id, uuid, NAME, roleType) VALUES (3, NULL, 'Регистратор', 'REGISTRATOR');
INSERT INTO trfu.roles(id, uuid, NAME, roleType) VALUES (4, NULL, 'Экспедиция', 'EXPEDITION');
INSERT INTO trfu.roles(id, uuid, NAME, roleType) VALUES (5, NULL, 'Операционная', 'OPERATIONAL');
INSERT INTO trfu.roles(id, uuid, NAME, roleType) VALUES (6, NULL, 'Фракционирование', 'RECTIFICATION');
INSERT INTO trfu.roles(id, uuid, NAME, roleType) VALUES (7, NULL, 'Выбраковка', 'DRAFT_OUT');
INSERT INTO trfu.roles(id, uuid, NAME, roleType) VALUES (8, NULL, 'Этикетировка', 'LABELING');
INSERT INTO trfu.roles(id, uuid, NAME, roleType) VALUES (9, NULL, 'Карантинизация', 'QUARANTINE');
INSERT INTO trfu.roles(id, uuid, NAME, roleType) VALUES (10, NULL, 'Лечебные процедуры', 'MEDICAL');
INSERT INTO trfu.roles(id, uuid, NAME, roleType) VALUES (11, NULL, 'Контроль качества', 'IN_CONTROL');
INSERT INTO trfu.roles(id, uuid, NAME, roleType) VALUES (12, NULL, 'Старшая сестра', 'HEAD_NURSE');
INSERT INTO trfu.roles(id, uuid, NAME, roleType) VALUES (13, NULL, 'Заведующий отделением', 'DIVISION_SUPERINTENDENT');
INSERT INTO trfu.trfu_analysis_types(id, uuid, deleted, VALUE, category, fieldType, infectionTest, laboratoryTest, LEVEL, writable, parentEntry_id) VALUES (1, NULL, 0, 'Гемоглобин (HGB)', 'Обследование', 0, 0, 1, 3, 0, NULL);
INSERT INTO trfu.trfu_analysis_types(id, uuid, deleted, VALUE, category, fieldType, infectionTest, laboratoryTest, LEVEL, writable, parentEntry_id) VALUES (2, NULL, 0, 'Тромбоциты (PLT)', 'Обследование', 0, 0, 1, 5, 0, NULL);
INSERT INTO trfu.trfu_analysis_types(id, uuid, deleted, VALUE, category, fieldType, infectionTest, laboratoryTest, LEVEL, writable, parentEntry_id) VALUES (3, NULL, 0, 'Аланинаминотрансфераза (ALT)', 'Обследование', 0, 0, 0, 7, 0, NULL);
INSERT INTO trfu.trfu_analysis_types(id, uuid, deleted, VALUE, category, fieldType, infectionTest, laboratoryTest, LEVEL, writable, parentEntry_id) VALUES (4, NULL, 0, 'Группа крови(экспресс-диагностика)', 'Обследование', 3, 0, 0, 1, 0, NULL);
INSERT INTO trfu.trfu_analysis_types(id, uuid, deleted, VALUE, category, fieldType, infectionTest, laboratoryTest, LEVEL, writable, parentEntry_id) VALUES (15, NULL, 0, 'Общий анализ крови', 'Донация', 0, 0, 1, 3, 0, NULL);
INSERT INTO trfu.trfu_analysis_types(id, uuid, deleted, VALUE, category, fieldType, infectionTest, laboratoryTest, LEVEL, writable, parentEntry_id) VALUES (16, NULL, 0, 'Биохимия крови', 'Донация', 0, 0, 1, 4, 0, NULL);
INSERT INTO trfu.trfu_analysis_types(id, uuid, deleted, VALUE, category, fieldType, infectionTest, laboratoryTest, LEVEL, writable, parentEntry_id) VALUES (17, NULL, 0, 'Группа крови', 'Донация', 3, 0, 1, 1, 0, NULL);
INSERT INTO trfu.trfu_analysis_types(id, uuid, deleted, VALUE, category, fieldType, infectionTest, laboratoryTest, LEVEL, writable, parentEntry_id) VALUES (18, NULL, 0, 'Гепатит B', 'Донация', 3, 1, 0, 5, 0, NULL);
INSERT INTO trfu.trfu_analysis_types(id, uuid, deleted, VALUE, category, fieldType, infectionTest, laboratoryTest, LEVEL, writable, parentEntry_id) VALUES (19, NULL, 0, 'Гепатит C', 'Донация', 3, 1, 0, 6, 0, NULL);
INSERT INTO trfu.trfu_analysis_types(id, uuid, deleted, VALUE, category, fieldType, infectionTest, laboratoryTest, LEVEL, writable, parentEntry_id) VALUES (20, NULL, 0, 'ВИЧ 1', 'Донация', 3, 1, 0, 7, 0, NULL);
INSERT INTO trfu.trfu_analysis_types(id, uuid, deleted, VALUE, category, fieldType, infectionTest, laboratoryTest, LEVEL, writable, parentEntry_id) VALUES (21, NULL, 0, 'ВИЧ 2', 'Донация', 3, 1, 0, 8, 0, NULL);
INSERT INTO trfu.trfu_analysis_types(id, uuid, deleted, VALUE, category, fieldType, infectionTest, laboratoryTest, LEVEL, writable, parentEntry_id) VALUES (22, NULL, 0, 'Сифилис (RW)', 'Донация', 3, 1, 0, 9, 0, NULL);
INSERT INTO trfu.trfu_analysis_types(id, uuid, deleted, VALUE, category, fieldType, infectionTest, laboratoryTest, LEVEL, writable, parentEntry_id) VALUES (59, NULL, 0, 'Rh - фактор', 'Обследование', 3, 0, 0, 2, 0, NULL);
INSERT INTO trfu.trfu_analysis_types(id, uuid, deleted, VALUE, category, fieldType, infectionTest, laboratoryTest, LEVEL, writable, parentEntry_id) VALUES (60, NULL, 0, 'Kell - антиген', 'Обследование', 3, 0, 0, 6, 0, NULL);
INSERT INTO trfu.trfu_analysis_types(id, uuid, deleted, VALUE, category, fieldType, infectionTest, laboratoryTest, LEVEL, writable, parentEntry_id) VALUES (61, NULL, 0, 'Гематокрит (HT)', 'Обследование', 0, 0, 1, 4, 0, NULL);
INSERT INTO trfu.trfu_analysis_types(id, uuid, deleted, VALUE, category, fieldType, infectionTest, laboratoryTest, LEVEL, writable, parentEntry_id) VALUES (62, NULL, 0, 'Rh - фактор', 'Донация', 3, 0, 1, 2, 0, NULL);
INSERT INTO trfu.trfu_analysis_types(id, uuid, deleted, VALUE, category, fieldType, infectionTest, laboratoryTest, LEVEL, writable, parentEntry_id) VALUES (63, NULL, 0, 'С', 'Иммуносерология', 4, 0, 0, 0, 0, NULL);
INSERT INTO trfu.trfu_analysis_types(id, uuid, deleted, VALUE, category, fieldType, infectionTest, laboratoryTest, LEVEL, writable, parentEntry_id) VALUES (64, NULL, 0, 'с', 'Иммуносерология', 4, 0, 0, 0, 0, NULL);
INSERT INTO trfu.trfu_analysis_types(id, uuid, deleted, VALUE, category, fieldType, infectionTest, laboratoryTest, LEVEL, writable, parentEntry_id) VALUES (65, NULL, 0, 'D', 'Иммуносерология', 4, 0, 0, 0, 0, NULL);
INSERT INTO trfu.trfu_analysis_types(id, uuid, deleted, VALUE, category, fieldType, infectionTest, laboratoryTest, LEVEL, writable, parentEntry_id) VALUES (66, NULL, 1, 'd', 'Иммуносерология', 4, 0, 0, 0, 0, NULL);
INSERT INTO trfu.trfu_analysis_types(id, uuid, deleted, VALUE, category, fieldType, infectionTest, laboratoryTest, LEVEL, writable, parentEntry_id) VALUES (67, NULL, 0, 'Е', 'Иммуносерология', 4, 0, 0, 0, 0, NULL);
INSERT INTO trfu.trfu_analysis_types(id, uuid, deleted, VALUE, category, fieldType, infectionTest, laboratoryTest, LEVEL, writable, parentEntry_id) VALUES (68, NULL, 0, 'е', 'Иммуносерология', 4, 0, 0, 0, 0, NULL);
INSERT INTO trfu.trfu_analysis_types(id, uuid, deleted, VALUE, category, fieldType, infectionTest, laboratoryTest, LEVEL, writable, parentEntry_id) VALUES (69, NULL, 0, 'K', 'Иммуносерология', 4, 0, 0, 0, 0, NULL);
INSERT INTO trfu.trfu_analysis_types(id, uuid, deleted, VALUE, category, fieldType, infectionTest, laboratoryTest, LEVEL, writable, parentEntry_id) VALUES (70, NULL, 0, 'Лейкоциты', 'Обследование', 0, 0, 1, 8, 0, NULL);
INSERT INTO trfu.trfu_analysis_types(id, uuid, deleted, VALUE, category, fieldType, infectionTest, laboratoryTest, LEVEL, writable, parentEntry_id) VALUES (71, NULL, 0, 'Объем - 450 миллилитров +- 10 процентов объема без антикоагулянта (нестандартная донация  маркируется соответствующим образом)', 'Контроль качества', 0, 0, 0, 0, 0, NULL);
INSERT INTO trfu.trfu_analysis_types(id, uuid, deleted, VALUE, category, fieldType, infectionTest, laboratoryTest, LEVEL, writable, parentEntry_id) VALUES (72, NULL, 0, 'Гемоглобин - не менее 45 граммов в дозе', 'Контроль качества', 0, 0, 0, 0, 0, NULL);
INSERT INTO trfu.trfu_analysis_types(id, uuid, deleted, VALUE, category, fieldType, infectionTest, laboratoryTest, LEVEL, writable, parentEntry_id) VALUES (73, NULL, 0, 'Гемолиз в конце хранения - не более 0,8 процента эритроцитов', 'Контроль качества', 0, 0, 0, 0, 0, NULL);
INSERT INTO trfu.trfu_analysis_types(id, uuid, deleted, VALUE, category, fieldType, infectionTest, laboratoryTest, LEVEL, writable, parentEntry_id) VALUES (74, NULL, 0, 'Гематокрит - от 0,65 до 0,75', 'Контроль качества', 0, 0, 0, 0, 0, NULL);
INSERT INTO trfu.trfu_analysis_types(id, uuid, deleted, VALUE, category, fieldType, infectionTest, laboratoryTest, LEVEL, writable, parentEntry_id) VALUES (75, NULL, 0, 'Количество лейкоцитов  - не более 1,2x10^9 в дозе', 'Контроль качества', 0, 0, 0, 0, 0, NULL);
INSERT INTO trfu.trfu_analysis_types(id, uuid, deleted, VALUE, category, fieldType, infectionTest, laboratoryTest, LEVEL, writable, parentEntry_id) VALUES (76, NULL, 0, 'Количество белка в конечной надосадочной жидкости', 'Контроль качества', 0, 0, 0, 0, 0, NULL);
INSERT INTO trfu.trfu_analysis_types(id, uuid, deleted, VALUE, category, fieldType, infectionTest, laboratoryTest, LEVEL, writable, parentEntry_id) VALUES (77, NULL, 0, 'Гемоглобин (надосадочная жидкость) - менее 0,2 грамма в дозе', 'Контроль качества', 0, 0, 0, 0, 0, NULL);
INSERT INTO trfu.trfu_analysis_types(id, uuid, deleted, VALUE, category, fieldType, infectionTest, laboratoryTest, LEVEL, writable, parentEntry_id) VALUES (78, NULL, 0, 'Осмолярность - не менее 340 миллиосмолей на литр', 'Контроль качества', 0, 0, 0, 0, 0, NULL);
INSERT INTO trfu.trfu_analysis_types(id, uuid, deleted, VALUE, category, fieldType, infectionTest, laboratoryTest, LEVEL, writable, parentEntry_id) VALUES (79, NULL, 0, 'Стерильность - стерильно', 'Контроль качества', 0, 0, 0, 0, 0, NULL);
INSERT INTO trfu.trfu_analysis_types(id, uuid, deleted, VALUE, category, fieldType, infectionTest, laboratoryTest, LEVEL, writable, parentEntry_id) VALUES (80, NULL, 0, 'Гематокрит (если добавлен взвешивающий раствор) - от 0,5 до 0,7', 'Контроль качества', 0, 0, 0, 0, 0, NULL);
INSERT INTO trfu.trfu_analysis_types(id, uuid, deleted, VALUE, category, fieldType, infectionTest, laboratoryTest, LEVEL, writable, parentEntry_id) VALUES (81, NULL, 0, 'Количество лейкоцитов (если обеднен лейкоцитами) - не более 1x10^6 в дозе', 'Контроль качества', 0, 0, 0, 0, 0, NULL);
INSERT INTO trfu.trfu_analysis_types(id, uuid, deleted, VALUE, category, fieldType, infectionTest, laboratoryTest, LEVEL, writable, parentEntry_id) VALUES (82, NULL, 0, 'Тромбоциты - не менее 60x10^9 (эквивалент одной дозы крови)', 'Контроль качества', 0, 0, 0, 0, 0, NULL);
INSERT INTO trfu.trfu_analysis_types(id, uuid, deleted, VALUE, category, fieldType, infectionTest, laboratoryTest, LEVEL, writable, parentEntry_id) VALUES (83, NULL, 0, 'Количество лейкоцитов (до удаления лейкоцитов) из обогащенной тромбоцитами плазмы - не более 0,2x10^9 (эквивалент одной дозы крови)', 'Контроль качества', 0, 0, 0, 0, 0, NULL);
INSERT INTO trfu.trfu_analysis_types(id, uuid, deleted, VALUE, category, fieldType, infectionTest, laboratoryTest, LEVEL, writable, parentEntry_id) VALUES (84, NULL, 0, 'Количество лейкоцитов (до удаления лейкоцитов) из лейкотромбослоя - не более 0,05x10^9 (эквивалент одной дозы крови)', 'Контроль качества', 0, 0, 0, 0, 0, NULL);
INSERT INTO trfu.trfu_analysis_types(id, uuid, deleted, VALUE, category, fieldType, infectionTest, laboratoryTest, LEVEL, writable, parentEntry_id) VALUES (85, NULL, 0, 'Количество лейкоцитов (после удаления лейкоцитов) - не более 0,2x10^6 (эквивалент одной дозы крови)', 'Контроль качества', 0, 0, 0, 0, 0, NULL);
INSERT INTO trfu.trfu_analysis_types(id, uuid, deleted, VALUE, category, fieldType, infectionTest, laboratoryTest, LEVEL, writable, parentEntry_id) VALUES (86, NULL, 0, 'рН5 (при + 22°С) в конце рекомендованного срока хранения - от 6,4 до 7,4', 'Контроль качества', 0, 0, 0, 0, 0, NULL);
INSERT INTO trfu.trfu_analysis_types(id, uuid, deleted, VALUE, category, fieldType, infectionTest, laboratoryTest, LEVEL, writable, parentEntry_id) VALUES (87, NULL, 0, 'Фактор VIIIс - не менее 70 процентов исходного уровня', 'Контроль качества', 0, 0, 0, 0, 0, NULL);
INSERT INTO trfu.trfu_analysis_types(id, uuid, deleted, VALUE, category, fieldType, infectionTest, laboratoryTest, LEVEL, writable, parentEntry_id) VALUES (88, NULL, 0, 'Остаточные клетки: эритроциты - не более 6x10^9 в литре', 'Контроль качества', 0, 0, 0, 0, 0, NULL);
INSERT INTO trfu.trfu_analysis_types(id, uuid, deleted, VALUE, category, fieldType, infectionTest, laboratoryTest, LEVEL, writable, parentEntry_id) VALUES (89, NULL, 0, 'Остаточные клетки: лейкоциты - не более 0,1x10^9 в литре', 'Контроль качества', 0, 0, 0, 0, 0, NULL);
INSERT INTO trfu.trfu_analysis_types(id, uuid, deleted, VALUE, category, fieldType, infectionTest, laboratoryTest, LEVEL, writable, parentEntry_id) VALUES (90, NULL, 0, 'Остаточные клетки: тромбоциты - не более 50x10^9 в литре', 'Контроль качества', 0, 0, 0, 0, 0, NULL);
INSERT INTO trfu.trfu_analysis_types(id, uuid, deleted, VALUE, category, fieldType, infectionTest, laboratoryTest, LEVEL, writable, parentEntry_id) VALUES (91, NULL, 0, 'Визуальные изменения - не должно быть аномального цвета или видимых сгустков', 'Контроль качества', 0, 0, 0, 0, 0, NULL);
INSERT INTO trfu.trfu_analysis_types(id, uuid, deleted, VALUE, category, fieldType, infectionTest, laboratoryTest, LEVEL, writable, parentEntry_id) VALUES (92, NULL, 0, 'Фибриноген - не менее 140 миллиграммов в дозе', 'Контроль качества', 0, 0, 0, 0, 0, NULL);
INSERT INTO trfu.trfu_analysis_types(id, uuid, deleted, VALUE, category, fieldType, infectionTest, laboratoryTest, LEVEL, writable, parentEntry_id) VALUES (93, NULL, 0, 'Количество тромбоцитов', 'Контроль качества', 0, 0, 0, 0, 0, NULL);
INSERT INTO trfu.trfu_analysis_types(id, uuid, deleted, VALUE, category, fieldType, infectionTest, laboratoryTest, LEVEL, writable, parentEntry_id) VALUES (94, NULL, 0, 'Количество гранулоцитов - более 10x10^9 в дозе', 'Контроль качества', 0, 0, 0, 0, 0, NULL);
INSERT INTO trfu.trfu_analysis_types(id, uuid, deleted, VALUE, category, fieldType, infectionTest, laboratoryTest, LEVEL, writable, parentEntry_id) VALUES (96, NULL, 0, 'Объем - 280 +- 50 миллилитров', 'Контроль качества', 0, 0, 0, 0, 0, NULL);
INSERT INTO trfu.trfu_analysis_types(id, uuid, deleted, VALUE, category, fieldType, infectionTest, laboratoryTest, LEVEL, writable, parentEntry_id) VALUES (98, NULL, 0, 'Объем - 250 +- 50 миллилитров', 'Контроль качества', 0, 0, 0, 0, 0, NULL);
INSERT INTO trfu.trfu_analysis_types(id, uuid, deleted, VALUE, category, fieldType, infectionTest, laboratoryTest, LEVEL, writable, parentEntry_id) VALUES (99, NULL, 0, 'Гемоглобин - не менее 43 граммов в дозе', 'Контроль качества', 0, 0, 0, 0, 0, NULL);
INSERT INTO trfu.trfu_analysis_types(id, uuid, deleted, VALUE, category, fieldType, infectionTest, laboratoryTest, LEVEL, writable, parentEntry_id) VALUES (100, NULL, 0, 'Объем - определяется использумой системой', 'Контроль качества', 0, 0, 0, 0, 0, NULL);
INSERT INTO trfu.trfu_analysis_types(id, uuid, deleted, VALUE, category, fieldType, infectionTest, laboratoryTest, LEVEL, writable, parentEntry_id) VALUES (101, NULL, 0, 'Гематокрит - от 0,5 до 0,7', 'Контроль качества', 0, 0, 0, 0, 0, NULL);
INSERT INTO trfu.trfu_analysis_types(id, uuid, deleted, VALUE, category, fieldType, infectionTest, laboratoryTest, LEVEL, writable, parentEntry_id) VALUES (102, NULL, 0, 'Гемоглобин - не менее 40 граммов в дозе', 'Контроль качества', 0, 0, 0, 0, 0, NULL);
INSERT INTO trfu.trfu_analysis_types(id, uuid, deleted, VALUE, category, fieldType, infectionTest, laboratoryTest, LEVEL, writable, parentEntry_id) VALUES (103, NULL, 0, 'Объем - не менее 40 миллилитров', 'Контроль качества', 0, 0, 0, 0, 0, NULL);
INSERT INTO trfu.trfu_analysis_types(id, uuid, deleted, VALUE, category, fieldType, infectionTest, laboratoryTest, LEVEL, writable, parentEntry_id) VALUES (104, NULL, 0, 'Объем - не менее 40 миллилитров на 60x10^9  тромбоцитов', 'Контроль качества', 0, 0, 0, 0, 0, NULL);
INSERT INTO trfu.trfu_analysis_types(id, uuid, deleted, VALUE, category, fieldType, infectionTest, laboratoryTest, LEVEL, writable, parentEntry_id) VALUES (105, NULL, 0, 'Тромбоциты - не менее 200x10^9 в дозе', 'Контроль качества', 0, 0, 0, 0, 0, NULL);
INSERT INTO trfu.trfu_analysis_types(id, uuid, deleted, VALUE, category, fieldType, infectionTest, laboratoryTest, LEVEL, writable, parentEntry_id) VALUES (106, NULL, 0, 'Количество лейкоцитов (после удаления лейкоцитов) - не более 1x10^6 в дозе', 'Контроль качества', 0, 0, 0, 0, 0, NULL);
INSERT INTO trfu.trfu_analysis_types(id, uuid, deleted, VALUE, category, fieldType, infectionTest, laboratoryTest, LEVEL, writable, parentEntry_id) VALUES (107, NULL, 0, 'Объем - заявленный объем +- 10 процентов объема без антикоагулянта', 'Контроль качества', 0, 0, 0, 0, 0, NULL);
INSERT INTO trfu.trfu_analysis_types(id, uuid, deleted, VALUE, category, fieldType, infectionTest, laboratoryTest, LEVEL, writable, parentEntry_id) VALUES (108, NULL, 0, 'Объем - от 10 до 20 миллилитров', 'Контроль качества', 0, 0, 0, 0, 0, NULL);
INSERT INTO trfu.trfu_analysis_types(id, uuid, deleted, VALUE, category, fieldType, infectionTest, laboratoryTest, LEVEL, writable, parentEntry_id) VALUES (109, NULL, 0, 'Фактор VIIIс - не менее 70 международных единиц в дозе', 'Контроль качества', 0, 0, 0, 0, 0, NULL);
INSERT INTO trfu.trfu_analysis_types(id, uuid, deleted, VALUE, category, fieldType, infectionTest, laboratoryTest, LEVEL, writable, parentEntry_id) VALUES (110, NULL, 0, 'Объем - не более 500 миллилитров', 'Контроль качества', 0, 0, 0, 0, 0, NULL);
INSERT INTO trfu.trfu_analysis_types(id, uuid, deleted, VALUE, category, fieldType, infectionTest, laboratoryTest, LEVEL, writable, parentEntry_id) VALUES (111, NULL, 0, 'Объем - не менее 185 миллилитров', 'Контроль качества', 0, 0, 0, 0, 0, NULL);
INSERT INTO trfu.trfu_analysis_types(id, uuid, deleted, VALUE, category, fieldType, infectionTest, laboratoryTest, LEVEL, writable, parentEntry_id) VALUES (112, NULL, 0, 'Гемоглобин - не менее 36 граммов в дозе', 'Контроль качества', 0, 0, 0, 0, 0, NULL);
INSERT INTO trfu.trfu_analysis_types(id, uuid, deleted, VALUE, category, fieldType, infectionTest, laboratoryTest, LEVEL, writable, parentEntry_id) VALUES (113, NULL, 0, 'Количество лейкоцитов  - не более 0,1x10^9 в дозе', 'Контроль качества', 0, 0, 0, 0, 0, NULL);
INSERT INTO trfu.trfu_analysis_types(id, uuid, deleted, VALUE, category, fieldType, infectionTest, laboratoryTest, LEVEL, writable, parentEntry_id) VALUES (114, NULL, 0, 'Белковые фракции', 'Донация', 1, 0, 1, 0, 0, NULL);
INSERT INTO trfu.trfu_analysis_types(id, uuid, deleted, VALUE, category, fieldType, infectionTest, laboratoryTest, LEVEL, writable, parentEntry_id) VALUES (115, NULL, 0, 'Эритроциты', 'Обследование', 0, 0, 1, 0, 0, NULL);
INSERT INTO trfu.trfu_analysis_types(id, uuid, deleted, VALUE, category, fieldType, infectionTest, laboratoryTest, LEVEL, writable, parentEntry_id) VALUES (116, NULL, 0, 'СОЭ', 'Обследование', 0, 0, 1, 0, 0, NULL);
INSERT INTO trfu.trfu_analysis_type_external_indicators(analysis_type_id, indicator_id) VALUES (1, 15);
INSERT INTO trfu.trfu_analysis_type_external_indicators(analysis_type_id, indicator_id) VALUES (2, 17);
INSERT INTO trfu.trfu_analysis_type_external_indicators(analysis_type_id, indicator_id) VALUES (4, 19);
INSERT INTO trfu.trfu_analysis_type_external_indicators(analysis_type_id, indicator_id) VALUES (15, 21);
INSERT INTO trfu.trfu_analysis_type_external_indicators(analysis_type_id, indicator_id) VALUES (15, 22);
INSERT INTO trfu.trfu_analysis_type_external_indicators(analysis_type_id, indicator_id) VALUES (15, 23);
INSERT INTO trfu.trfu_analysis_type_external_indicators(analysis_type_id, indicator_id) VALUES (15, 24);
INSERT INTO trfu.trfu_analysis_type_external_indicators(analysis_type_id, indicator_id) VALUES (15, 25);
INSERT INTO trfu.trfu_analysis_type_external_indicators(analysis_type_id, indicator_id) VALUES (15, 26);
INSERT INTO trfu.trfu_analysis_type_external_indicators(analysis_type_id, indicator_id) VALUES (15, 27);
INSERT INTO trfu.trfu_analysis_type_external_indicators(analysis_type_id, indicator_id) VALUES (15, 28);
INSERT INTO trfu.trfu_analysis_type_external_indicators(analysis_type_id, indicator_id) VALUES (15, 29);
INSERT INTO trfu.trfu_analysis_type_external_indicators(analysis_type_id, indicator_id) VALUES (15, 30);
INSERT INTO trfu.trfu_analysis_type_external_indicators(analysis_type_id, indicator_id) VALUES (15, 31);
INSERT INTO trfu.trfu_analysis_type_external_indicators(analysis_type_id, indicator_id) VALUES (15, 32);
INSERT INTO trfu.trfu_analysis_type_external_indicators(analysis_type_id, indicator_id) VALUES (15, 33);
INSERT INTO trfu.trfu_analysis_type_external_indicators(analysis_type_id, indicator_id) VALUES (15, 34);
INSERT INTO trfu.trfu_analysis_type_external_indicators(analysis_type_id, indicator_id) VALUES (15, 35);
INSERT INTO trfu.trfu_analysis_type_external_indicators(analysis_type_id, indicator_id) VALUES (15, 36);
INSERT INTO trfu.trfu_analysis_type_external_indicators(analysis_type_id, indicator_id) VALUES (15, 37);
INSERT INTO trfu.trfu_analysis_type_external_indicators(analysis_type_id, indicator_id) VALUES (15, 38);
INSERT INTO trfu.trfu_analysis_type_external_indicators(analysis_type_id, indicator_id) VALUES (15, 39);
INSERT INTO trfu.trfu_analysis_type_external_indicators(analysis_type_id, indicator_id) VALUES (15, 40);
INSERT INTO trfu.trfu_analysis_type_external_indicators(analysis_type_id, indicator_id) VALUES (15, 41);
INSERT INTO trfu.trfu_analysis_type_external_indicators(analysis_type_id, indicator_id) VALUES (15, 42);
INSERT INTO trfu.trfu_analysis_type_external_indicators(analysis_type_id, indicator_id) VALUES (15, 43);
INSERT INTO trfu.trfu_analysis_type_external_indicators(analysis_type_id, indicator_id) VALUES (15, 44);
INSERT INTO trfu.trfu_analysis_type_external_indicators(analysis_type_id, indicator_id) VALUES (15, 45);
INSERT INTO trfu.trfu_analysis_type_external_indicators(analysis_type_id, indicator_id) VALUES (15, 46);
INSERT INTO trfu.trfu_analysis_type_external_indicators(analysis_type_id, indicator_id) VALUES (15, 47);
INSERT INTO trfu.trfu_analysis_type_external_indicators(analysis_type_id, indicator_id) VALUES (15, 48);
INSERT INTO trfu.trfu_analysis_type_external_indicators(analysis_type_id, indicator_id) VALUES (15, 49);
INSERT INTO trfu.trfu_analysis_type_external_indicators(analysis_type_id, indicator_id) VALUES (15, 50);
INSERT INTO trfu.trfu_analysis_type_external_indicators(analysis_type_id, indicator_id) VALUES (15, 51);
INSERT INTO trfu.trfu_analysis_type_external_indicators(analysis_type_id, indicator_id) VALUES (15, 52);
INSERT INTO trfu.trfu_analysis_type_external_indicators(analysis_type_id, indicator_id) VALUES (15, 53);
INSERT INTO trfu.trfu_analysis_type_external_indicators(analysis_type_id, indicator_id) VALUES (15, 54);
INSERT INTO trfu.trfu_analysis_type_external_indicators(analysis_type_id, indicator_id) VALUES (15, 55);
INSERT INTO trfu.trfu_analysis_type_external_indicators(analysis_type_id, indicator_id) VALUES (15, 56);
INSERT INTO trfu.trfu_analysis_type_external_indicators(analysis_type_id, indicator_id) VALUES (15, 57);
INSERT INTO trfu.trfu_analysis_type_external_indicators(analysis_type_id, indicator_id) VALUES (16, 61);
INSERT INTO trfu.trfu_analysis_type_external_indicators(analysis_type_id, indicator_id) VALUES (16, 62);
INSERT INTO trfu.trfu_analysis_type_external_indicators(analysis_type_id, indicator_id) VALUES (16, 63);
INSERT INTO trfu.trfu_analysis_type_external_indicators(analysis_type_id, indicator_id) VALUES (17, 58);
INSERT INTO trfu.trfu_analysis_type_external_indicators(analysis_type_id, indicator_id) VALUES (59, 20);
INSERT INTO trfu.trfu_analysis_type_external_indicators(analysis_type_id, indicator_id) VALUES (60, 60);
INSERT INTO trfu.trfu_analysis_type_external_indicators(analysis_type_id, indicator_id) VALUES (61, 16);
INSERT INTO trfu.trfu_analysis_type_external_indicators(analysis_type_id, indicator_id) VALUES (62, 59);
INSERT INTO trfu.trfu_analysis_type_external_indicators(analysis_type_id, indicator_id) VALUES (63, 69);
INSERT INTO trfu.trfu_analysis_type_external_indicators(analysis_type_id, indicator_id) VALUES (64, 68);
INSERT INTO trfu.trfu_analysis_type_external_indicators(analysis_type_id, indicator_id) VALUES (65, 66);
INSERT INTO trfu.trfu_analysis_type_external_indicators(analysis_type_id, indicator_id) VALUES (67, 67);
INSERT INTO trfu.trfu_analysis_type_external_indicators(analysis_type_id, indicator_id) VALUES (68, 65);
INSERT INTO trfu.trfu_analysis_type_external_indicators(analysis_type_id, indicator_id) VALUES (69, 64);
INSERT INTO trfu.trfu_analysis_type_external_indicators(analysis_type_id, indicator_id) VALUES (70, 13);
INSERT INTO trfu.trfu_analysis_type_external_indicators(analysis_type_id, indicator_id) VALUES (114, 1);
INSERT INTO trfu.trfu_analysis_type_external_indicators(analysis_type_id, indicator_id) VALUES (114, 2);
INSERT INTO trfu.trfu_analysis_type_external_indicators(analysis_type_id, indicator_id) VALUES (114, 3);
INSERT INTO trfu.trfu_analysis_type_external_indicators(analysis_type_id, indicator_id) VALUES (114, 4);
INSERT INTO trfu.trfu_analysis_type_external_indicators(analysis_type_id, indicator_id) VALUES (114, 5);
INSERT INTO trfu.trfu_analysis_type_external_indicators(analysis_type_id, indicator_id) VALUES (114, 6);
INSERT INTO trfu.trfu_analysis_type_external_indicators(analysis_type_id, indicator_id) VALUES (114, 7);
INSERT INTO trfu.trfu_analysis_type_external_indicators(analysis_type_id, indicator_id) VALUES (114, 8);
INSERT INTO trfu.trfu_analysis_type_external_indicators(analysis_type_id, indicator_id) VALUES (114, 9);
INSERT INTO trfu.trfu_analysis_type_external_indicators(analysis_type_id, indicator_id) VALUES (114, 10);
INSERT INTO trfu.trfu_analysis_type_external_indicators(analysis_type_id, indicator_id) VALUES (114, 11);
INSERT INTO trfu.trfu_analysis_type_external_indicators(analysis_type_id, indicator_id) VALUES (114, 12);
INSERT INTO trfu.trfu_analysis_type_external_indicators(analysis_type_id, indicator_id) VALUES (115, 14);
INSERT INTO trfu.trfu_analysis_type_external_indicators(analysis_type_id, indicator_id) VALUES (116, 18);
INSERT INTO trfu.trfu_anticoagulants(id, uuid, deleted, VALUE) VALUES (1, NULL, 0, 'ACD');
INSERT INTO trfu.trfu_anticoagulants(id, uuid, deleted, VALUE) VALUES (2, NULL, 0, 'SADM');
INSERT INTO trfu.trfu_anticoagulants(id, uuid, deleted, VALUE) VALUES (3, NULL, 0, 'SPDA-1');
INSERT INTO trfu.trfu_anticoagulants(id, uuid, deleted, VALUE) VALUES (4, NULL, 0, 'CPD');
INSERT INTO trfu.trfu_blood_component_processing_mappings(id, uuid, deleted, processingType, destinationType_id) VALUES (1, NULL, 0, 0, 49);
INSERT INTO trfu.trfu_blood_component_processing_mappings(id, uuid, deleted, processingType, destinationType_id) VALUES (2, NULL, 0, 0, 55);
INSERT INTO trfu.trfu_blood_component_processing_mapping_source_types(mapping_id, type_id) VALUES (1, 26);
INSERT INTO trfu.trfu_blood_component_processing_mapping_source_types(mapping_id, type_id) VALUES (1, 114);
INSERT INTO trfu.trfu_blood_component_processing_mapping_source_types(mapping_id, type_id) VALUES (2, 116);
INSERT INTO trfu.trfu_blood_component_processing_mapping_source_types(mapping_id, type_id) VALUES (2, 115);
INSERT INTO trfu.trfu_blood_component_processing_mapping_source_types(mapping_id, type_id) VALUES (2, 117);
INSERT INTO trfu.trfu_blood_component_processing_mapping_source_types(mapping_id, type_id) VALUES (2, 113);
INSERT INTO trfu.trfu_blood_component_processing_mapping_source_types(mapping_id, type_id) VALUES (2, 31);
INSERT INTO trfu.trfu_blood_component_processing_mapping_source_types(mapping_id, type_id) VALUES (2, 32);
INSERT INTO trfu.trfu_blood_component_processing_mapping_source_types(mapping_id, type_id) VALUES (2, 118);
INSERT INTO trfu.trfu_blood_component_processing_mapping_source_types(mapping_id, type_id) VALUES (2, 28);
INSERT INTO trfu.trfu_blood_component_processing_mapping_source_types(mapping_id, type_id) VALUES (2, 112);
INSERT INTO trfu.trfu_blood_component_processing_mapping_source_types(mapping_id, type_id) VALUES (2, 29);
INSERT INTO trfu.trfu_blood_component_processing_mapping_source_types(mapping_id, type_id) VALUES (2, 95);
INSERT INTO trfu.trfu_blood_component_types(id, uuid, deleted, VALUE, code, lite, used) VALUES (4, NULL, 0, 'Кровь консервированная', '01.03.001', 0, 1);
INSERT INTO trfu.trfu_blood_component_types(id, uuid, deleted, VALUE, code, lite, used) VALUES (5, NULL, 0, 'Кровь консервированная фильтрованная', '01.03.002', 0, 0);
INSERT INTO trfu.trfu_blood_component_types(id, uuid, deleted, VALUE, code, lite, used) VALUES (6, NULL, 0, 'Эритроцитная масса', '01.01.001', 0, 0);
INSERT INTO trfu.trfu_blood_component_types(id, uuid, deleted, VALUE, code, lite, used) VALUES (7, NULL, 0, 'Эритроцитная масса, фильтрованная', '01.01.002', 0, 1);
INSERT INTO trfu.trfu_blood_component_types(id, uuid, deleted, VALUE, code, lite, used) VALUES (10, NULL, 0, 'Эритроцитная масса с удаленным лейкотромбослоем', '01.01.005', 0, 1);
INSERT INTO trfu.trfu_blood_component_types(id, uuid, deleted, VALUE, code, lite, used) VALUES (13, NULL, 0, 'Эритроцитная взвесь с физиологическим раствором', '01.01.008', 0, 0);
INSERT INTO trfu.trfu_blood_component_types(id, uuid, deleted, VALUE, code, lite, used) VALUES (14, NULL, 0, 'Эритроцитная взвесь с ресуспендирующим раствором', '01.01.009', 0, 1);
INSERT INTO trfu.trfu_blood_component_types(id, uuid, deleted, VALUE, code, lite, used) VALUES (17, NULL, 0, 'Тромбоцитный концентрат из дозы крови', '02.01.001', 0, 0);
INSERT INTO trfu.trfu_blood_component_types(id, uuid, deleted, VALUE, code, lite, used) VALUES (19, NULL, 0, 'Тромбоцитный концентрат, пулированный, полидонорский', '02.01.008', 0, 0);
INSERT INTO trfu.trfu_blood_component_types(id, uuid, deleted, VALUE, code, lite, used) VALUES (25, NULL, 0, 'Тромбоцитный концентрат, полученный автоматическим аферезом, гамма-облученный', '02.01.021', 0, 0);
INSERT INTO trfu.trfu_blood_component_types(id, uuid, deleted, VALUE, code, lite, used) VALUES (26, NULL, 0, 'Плазма свежезамороженная из дозы крови', '02.02.001', 0, 1);
INSERT INTO trfu.trfu_blood_component_types(id, uuid, deleted, VALUE, code, lite, used) VALUES (28, NULL, 0, 'Плазма свежезамороженная, полученная автоматическим аферезом', '02.02.003', 0, 1);
INSERT INTO trfu.trfu_blood_component_types(id, uuid, deleted, VALUE, code, lite, used) VALUES (29, NULL, 0, 'Плазма свежезамороженная, фильтрованная', '02.02.004', 0, 1);
INSERT INTO trfu.trfu_blood_component_types(id, uuid, deleted, VALUE, code, lite, used) VALUES (31, NULL, 0, 'Плазма замороженная, фильтрованная', '02.02.006', 0, 0);
INSERT INTO trfu.trfu_blood_component_types(id, uuid, deleted, VALUE, code, lite, used) VALUES (32, NULL, 0, 'Плазма нативная, концентрированная', '02.02.007', 0, 0);
INSERT INTO trfu.trfu_blood_component_types(id, uuid, deleted, VALUE, code, lite, used) VALUES (38, NULL, 0, 'Лейкоцитный концентрат', '03.01.006', 0, 1);
INSERT INTO trfu.trfu_blood_component_types(id, uuid, deleted, VALUE, code, lite, used) VALUES (39, NULL, 0, 'Лейкоцитный концентрат, гамма-облученный', '03.01.005', 0, 0);
INSERT INTO trfu.trfu_blood_component_types(id, uuid, deleted, VALUE, code, lite, used) VALUES (40, NULL, 0, 'Криопреципитат', '06.01.003', 0, 0);
INSERT INTO trfu.trfu_blood_component_types(id, uuid, deleted, VALUE, code, lite, used) VALUES (41, NULL, 0, 'Периферические стволовые клетки', '06.01.002', 0, 0);
INSERT INTO trfu.trfu_blood_component_types(id, uuid, deleted, VALUE, code, lite, used) VALUES (42, NULL, 0, 'Костный мозг', '06.01.001', 0, 0);
INSERT INTO trfu.trfu_blood_component_types(id, uuid, deleted, VALUE, code, lite, used) VALUES (44, NULL, 0, 'Эритроцитная масса, обедненная лейкоцитами и тромбоцитами', '01.01.004', 0, 0);
INSERT INTO trfu.trfu_blood_component_types(id, uuid, deleted, VALUE, code, lite, used) VALUES (49, NULL, 0, 'Плазма свежезамороженная из дозы крови    Карантинизовано 6 месяцев', '02.02.008', 0, 1);
INSERT INTO trfu.trfu_blood_component_types(id, uuid, deleted, VALUE, code, lite, used) VALUES (55, NULL, 0, 'Плазма свежезамороженная   Карантинизовано 6 мес', '02.02.009', 0, 0);
INSERT INTO trfu.trfu_blood_component_types(id, uuid, deleted, VALUE, code, lite, used) VALUES (65, NULL, 0, 'Эритроцитарная взвесь лейкофильтрованная', '01.01.013', 0, 0);
INSERT INTO trfu.trfu_blood_component_types(id, uuid, deleted, VALUE, code, lite, used) VALUES (67, NULL, 0, 'Эритроцитарная взвесь, лейкофильтрованная, полученная автоматическим аферезом', '01.01.014', 0, 1);
INSERT INTO trfu.trfu_blood_component_types(id, uuid, deleted, VALUE, code, lite, used) VALUES (68, NULL, 0, 'Лейкотромбомасса с фильтром', '09.01.001', 1, 1);
INSERT INTO trfu.trfu_blood_component_types(id, uuid, deleted, VALUE, code, lite, used) VALUES (69, NULL, 0, 'Эритроцитная масса с удаленным лейкотромбослоем, гамма-облученная', '01.01.007', 0, 0);
INSERT INTO trfu.trfu_blood_component_types(id, uuid, deleted, VALUE, code, lite, used) VALUES (70, NULL, 0, 'Эритроцитарная масса, гамма-облученная', '01.01.003', 0, 0);
INSERT INTO trfu.trfu_blood_component_types(id, uuid, deleted, VALUE, code, lite, used) VALUES (71, NULL, 0, 'Эритроцитная масса с удаленным лейкотромбослоем, фильтрованная', '01.01.006', 0, 0);
INSERT INTO trfu.trfu_blood_component_types(id, uuid, deleted, VALUE, code, lite, used) VALUES (72, NULL, 0, 'Эритроцитная взвесь с ресуспендирующим раствором, фильтрованная', '01.01.010', 0, 1);
INSERT INTO trfu.trfu_blood_component_types(id, uuid, deleted, VALUE, code, lite, used) VALUES (73, NULL, 0, 'Эритроцитная взвесь с ресуспендирующим раствором, гамма-облученная', '01.01.011', 0, 0);
INSERT INTO trfu.trfu_blood_component_types(id, uuid, deleted, VALUE, code, lite, used) VALUES (74, NULL, 0, 'Эритроцитная взвесь, размороженная и отмытая', '01.01.012', 0, 0);
INSERT INTO trfu.trfu_blood_component_types(id, uuid, deleted, VALUE, code, lite, used) VALUES (75, NULL, 0, 'Аутоэритроцитная масса', '01.02.001', 0, 0);
INSERT INTO trfu.trfu_blood_component_types(id, uuid, deleted, VALUE, code, lite, used) VALUES (76, NULL, 0, 'Аутоэритроцитная масса, фильтрованная', '01.02.002', 0, 1);
INSERT INTO trfu.trfu_blood_component_types(id, uuid, deleted, VALUE, code, lite, used) VALUES (77, NULL, 0, 'Аутоэритроцитная масса, гамма-облученная', '01.02.003', 0, 0);
INSERT INTO trfu.trfu_blood_component_types(id, uuid, deleted, VALUE, code, lite, used) VALUES (78, NULL, 0, 'Аутоэритроцитная масса, обедненная лейкоцитами и тромбоцитами', '01.02.004', 0, 0);
INSERT INTO trfu.trfu_blood_component_types(id, uuid, deleted, VALUE, code, lite, used) VALUES (79, NULL, 0, 'Аутоэритроцитная масса с удаленным лейкотромбослоем, фильтрованная', '01.02.005', 0, 0);
INSERT INTO trfu.trfu_blood_component_types(id, uuid, deleted, VALUE, code, lite, used) VALUES (80, NULL, 0, 'Аутоэритроцитная масса с удаленным лейкотромбослоем, гамма-облученная', '01.02.006', 0, 0);
INSERT INTO trfu.trfu_blood_component_types(id, uuid, deleted, VALUE, code, lite, used) VALUES (81, NULL, 0, 'Аутоэритроцитная взвесь с физиологическим раствором', '01.02.007', 0, 0);
INSERT INTO trfu.trfu_blood_component_types(id, uuid, deleted, VALUE, code, lite, used) VALUES (82, NULL, 0, 'Аутоэритроцитная взвесь с ресуспендирующим раствором', '01.02.008', 0, 0);
INSERT INTO trfu.trfu_blood_component_types(id, uuid, deleted, VALUE, code, lite, used) VALUES (83, NULL, 0, 'Аутоэритроцитная взвесь с ресуспендирующим раствором, фильтрованная', '01.02.009', 0, 0);
INSERT INTO trfu.trfu_blood_component_types(id, uuid, deleted, VALUE, code, lite, used) VALUES (84, NULL, 0, 'Аутоэритроцитная взвесь с ресуспендирующим раствором, гамма-облученная', '01.02.010', 0, 0);
INSERT INTO trfu.trfu_blood_component_types(id, uuid, deleted, VALUE, code, lite, used) VALUES (85, NULL, 0, 'Аутоэритроцитная взвесь, размороженная и отмытая', '01.02.011', 0, 0);
INSERT INTO trfu.trfu_blood_component_types(id, uuid, deleted, VALUE, code, lite, used) VALUES (86, NULL, 0, 'Аутокровь консервированная', '01.04.001', 0, 0);
INSERT INTO trfu.trfu_blood_component_types(id, uuid, deleted, VALUE, code, lite, used) VALUES (87, NULL, 0, 'Аутокровь консервированная фильтрованная', '01.04.002', 0, 0);
INSERT INTO trfu.trfu_blood_component_types(id, uuid, deleted, VALUE, code, lite, used) VALUES (88, NULL, 0, 'Аутокровь полостная, консервированная, фильтрованная для реинфузии', '01.04.003', 0, 0);
INSERT INTO trfu.trfu_blood_component_types(id, uuid, deleted, VALUE, code, lite, used) VALUES (89, NULL, 0, 'Тромбоцитный концентрат из дозы крови, гамма-облученный', '02.01.002', 0, 0);
INSERT INTO trfu.trfu_blood_component_types(id, uuid, deleted, VALUE, code, lite, used) VALUES (90, NULL, 0, 'Тромбоцитный концентрат пулированный, монодонорский', '02.01.003', 0, 0);
INSERT INTO trfu.trfu_blood_component_types(id, uuid, deleted, VALUE, code, lite, used) VALUES (91, NULL, 0, 'Тромбоцитный концентрат, пулированный, монодонорский, фильтрованный', '02.01.004', 0, 0);
INSERT INTO trfu.trfu_blood_component_types(id, uuid, deleted, VALUE, code, lite, used) VALUES (92, NULL, 0, 'Тромбоцитный концентрат, пулированный, монодонорский, гамма-облученный', '02.01.005', 0, 0);
INSERT INTO trfu.trfu_blood_component_types(id, uuid, deleted, VALUE, code, lite, used) VALUES (93, NULL, 0, 'Тромбоцитный концентрат, пулированный, монодонорский, гамма-облученный, фильтрованный', '02.01.006', 0, 0);
INSERT INTO trfu.trfu_blood_component_types(id, uuid, deleted, VALUE, code, lite, used) VALUES (95, NULL, 0, 'Плазма, обогащенная тромбоцитами, гамма-облученная', '02.01.007', 0, 0);
INSERT INTO trfu.trfu_blood_component_types(id, uuid, deleted, VALUE, code, lite, used) VALUES (96, NULL, 0, 'Тромбоцитный концентрат, пулированный, полидонорский, гамма-облученный', '02.01.009', 0, 0);
INSERT INTO trfu.trfu_blood_component_types(id, uuid, deleted, VALUE, code, lite, used) VALUES (97, NULL, 0, 'Тромбоцитный концентрат, пулированный, полидонорский, фильтрованный', '02.01.010', 0, 0);
INSERT INTO trfu.trfu_blood_component_types(id, uuid, deleted, VALUE, code, lite, used) VALUES (98, NULL, 0, 'Тромбоцитный концентрат, пулированный, полидонорский, гамма-облученный, фильтрованный', '02.01.011', 0, 0);
INSERT INTO trfu.trfu_blood_component_types(id, uuid, deleted, VALUE, code, lite, used) VALUES (99, NULL, 0, 'Тромбоцитный концентрат, пулированный, полидонорский, полуавтоматический', '02.01.012', 0, 0);
INSERT INTO trfu.trfu_blood_component_types(id, uuid, deleted, VALUE, code, lite, used) VALUES (100, NULL, 0, 'Тромбоцитный концентрат, пулированный, полидонорский, полуавтоматический, гамма-облученный', '02.01.013', 0, 0);
INSERT INTO trfu.trfu_blood_component_types(id, uuid, deleted, VALUE, code, lite, used) VALUES (101, NULL, 0, 'Тромбоцитный концентрат, пулированный, полидонорский, полуавтоматический, фильтрованный', '02.01.014', 0, 0);
INSERT INTO trfu.trfu_blood_component_types(id, uuid, deleted, VALUE, code, lite, used) VALUES (102, NULL, 0, 'Тромбоцитный концентрат, пулированный, полидонорский, полуавтоматический, гамма-облученный, фильтрованный', '02.01.015', 0, 0);
INSERT INTO trfu.trfu_blood_component_types(id, uuid, deleted, VALUE, code, lite, used) VALUES (103, NULL, 0, 'Тромбоцитный концентрат, полученный автоматическим аферезом, гамма-облученный, вирусинактивированный', '02.01.025', 0, 0);
INSERT INTO trfu.trfu_blood_component_types(id, uuid, deleted, VALUE, code, lite, used) VALUES (104, NULL, 0, 'Тромбоцитный концентрат, полученный дискретным аферезом', '02.01.016', 0, 0);
INSERT INTO trfu.trfu_blood_component_types(id, uuid, deleted, VALUE, code, lite, used) VALUES (105, NULL, 0, 'Тромбоцитный концентрат, полученный дискретным аферезом, гамма-облученный', '02.01.017', 0, 0);
INSERT INTO trfu.trfu_blood_component_types(id, uuid, deleted, VALUE, code, lite, used) VALUES (106, NULL, 0, 'Тромбоцитный концентрат, полученный дискретным аферезом, фильтрованный', '02.01.018', 0, 0);
INSERT INTO trfu.trfu_blood_component_types(id, uuid, deleted, VALUE, code, lite, used) VALUES (107, NULL, 0, 'Тромбоцитный концентрат, полученный дискретным аферезом, гамма-облученный, фильтрованный', '02.01.019', 0, 0);
INSERT INTO trfu.trfu_blood_component_types(id, uuid, deleted, VALUE, code, lite, used) VALUES (108, NULL, 0, 'Тромбоцитный концентрат, полученный автоматическим аферезом', '02.01.020', 0, 1);
INSERT INTO trfu.trfu_blood_component_types(id, uuid, deleted, VALUE, code, lite, used) VALUES (109, NULL, 0, 'Тромбоцитный концентрат, полученный автоматическим аферезом, фильтрованный', '02.01.022', 0, 0);
INSERT INTO trfu.trfu_blood_component_types(id, uuid, deleted, VALUE, code, lite, used) VALUES (110, NULL, 0, 'Тромбоцитный концентрат, полученный автоматическим аферезом, гамма-облученный, фильтрованный', '02.01.023', 0, 0);
INSERT INTO trfu.trfu_blood_component_types(id, uuid, deleted, VALUE, code, lite, used) VALUES (111, NULL, 0, 'Тромбоцитный концентрат, размороженный', '02.01.024', 0, 0);
INSERT INTO trfu.trfu_blood_component_types(id, uuid, deleted, VALUE, code, lite, used) VALUES (112, NULL, 0, 'Плазма свежезамороженная, полученная дискретным аферезом', '02.02.002', 0, 0);
INSERT INTO trfu.trfu_blood_component_types(id, uuid, deleted, VALUE, code, lite, used) VALUES (113, NULL, 0, 'Плазма замороженная', '02.02.005', 0, 0);
INSERT INTO trfu.trfu_blood_component_types(id, uuid, deleted, VALUE, code, lite, used) VALUES (114, NULL, 0, 'Аутоплазма свежезамороженная из дозы крови', '02.03.001', 0, 1);
INSERT INTO trfu.trfu_blood_component_types(id, uuid, deleted, VALUE, code, lite, used) VALUES (115, NULL, 0, 'Аутоплазма свежезамороженная, полученная дискретным аферезом', '02.03.002', 0, 0);
INSERT INTO trfu.trfu_blood_component_types(id, uuid, deleted, VALUE, code, lite, used) VALUES (116, NULL, 0, 'Аутоплазма свежезамороженная, полученная автоматическим аферезом', '02.03.003', 0, 0);
INSERT INTO trfu.trfu_blood_component_types(id, uuid, deleted, VALUE, code, lite, used) VALUES (117, NULL, 0, 'Аутоплазма свежезамороженная, фильтрованная', '02.03.004', 0, 0);
INSERT INTO trfu.trfu_blood_component_types(id, uuid, deleted, VALUE, code, lite, used) VALUES (118, NULL, 0, 'Плазма противопротейная человеческая', '03.01.001', 0, 0);
INSERT INTO trfu.trfu_blood_component_types(id, uuid, deleted, VALUE, code, lite, used) VALUES (119, NULL, 0, 'Плазма антисинегнойная человеческая', '03.01.002', 0, 0);
INSERT INTO trfu.trfu_blood_component_types(id, uuid, deleted, VALUE, code, lite, used) VALUES (120, NULL, 0, 'Плазма антисинегнойная антитоксическая человека', '03.01.003', 0, 0);
INSERT INTO trfu.trfu_blood_component_types(id, uuid, deleted, VALUE, code, lite, used) VALUES (121, NULL, 0, 'Плазма антистафилакокковая человеческая', '03.01.004', 0, 0);
INSERT INTO trfu.trfu_blood_donation_types(id, uuid, deleted, VALUE) VALUES (1, NULL, 0, 'Кроводача');
INSERT INTO trfu.trfu_blood_donation_types(id, uuid, deleted, VALUE) VALUES (2, NULL, 0, 'Эритроцитаферез');
INSERT INTO trfu.trfu_blood_donation_types(id, uuid, deleted, VALUE) VALUES (3, NULL, 0, 'Тромбоцитаферез');
INSERT INTO trfu.trfu_blood_donation_types(id, uuid, deleted, VALUE) VALUES (4, NULL, 0, 'Плазмаферез');
INSERT INTO trfu.trfu_blood_donation_types(id, uuid, deleted, VALUE) VALUES (5, NULL, 0, 'Гранулоцитаферез');
INSERT INTO trfu.trfu_blood_groups(id, uuid, deleted, VALUE, NUMBER) VALUES (1, NULL, 0, '0 (I)', 1);
INSERT INTO trfu.trfu_blood_groups(id, uuid, deleted, VALUE, NUMBER) VALUES (2, NULL, 0, 'А (II)', 2);
INSERT INTO trfu.trfu_blood_groups(id, uuid, deleted, VALUE, NUMBER) VALUES (3, NULL, 0, 'В (III)', 3);
INSERT INTO trfu.trfu_blood_groups(id, uuid, deleted, VALUE, NUMBER) VALUES (4, NULL, 0, 'АВ (IV)', 4);
INSERT INTO trfu.trfu_blood_groups(id, uuid, deleted, VALUE, NUMBER) VALUES (5, NULL, 0, 'Не определена', 0);
INSERT INTO trfu.trfu_blood_system_types(id, uuid, deleted, VALUE, code) VALUES (1, '948f58f5-3c51-11e1-a592-005056a46489', 0, 'ACD-A sol. 500ml/ Раствор антикоагулянта ACD-A (цитрат декстрозы) в контейнере из пластика PL 146 500мл', '948f58f5-3c51-11e1-a592-005056a46489');
INSERT INTO trfu.trfu_blood_system_types(id, uuid, deleted, VALUE, code) VALUES (2, '2450bf0b-8a08-11e1-a073-005056a41f97', 0, 'антикоагулянт стерильный ,д/проведения процедур автомат. афереза: ACD-A (натрия цитрат 2,2%, глюкоза 2,45%, лимонная к-та 0,8%) в пластиковом контейнере объемом 500 мл, исполнения 426С', '2450bf0b-8a08-11e1-a073-005056a41f97');
INSERT INTO trfu.trfu_blood_system_types(id, uuid, deleted, VALUE, code) VALUES (3, '3161377b-2a0e-11e1-5c88-005056a46489', 0, 'Набор Trima Accel LRS PLT/RBC/Plasma set (6set/case) -Камера лейкопродукции LRS. -Кассета кровопроводящей магистрали. -Насосные сегменты (5шт). -Кольцевой сепаторный канал. -Мешки для сбора и хранения компонентов крови (5шт). -Игла 17G.  80400', '3161377b-2a0e-11e1-5c88-005056a46489');
INSERT INTO trfu.trfu_classifiers(id, uuid, deleted, VALUE, category) VALUES (1, NULL, 0, 'Не отягощена', 'Наследственность');
INSERT INTO trfu.trfu_classifiers(id, uuid, deleted, VALUE, category) VALUES (2, NULL, 0, 'Детские инфекции', 'Перенесенные заболевания');
INSERT INTO trfu.trfu_classifiers(id, uuid, deleted, VALUE, category) VALUES (3, NULL, 0, 'Положительный', 'Резус-фактор');
INSERT INTO trfu.trfu_classifiers(id, uuid, deleted, VALUE, category) VALUES (4, NULL, 0, 'Отрицательный', 'Резус-фактор');
INSERT INTO trfu.trfu_classifiers(id, uuid, deleted, VALUE, category) VALUES (5, NULL, 0, 'Не определен', 'Резус-фактор');
INSERT INTO trfu.trfu_classifiers(id, uuid, deleted, VALUE, category) VALUES (6, NULL, 0, 'Положительный', 'Rh - фактор');
INSERT INTO trfu.trfu_classifiers(id, uuid, deleted, VALUE, category) VALUES (7, NULL, 0, 'Отрицательный', 'Rh - фактор');
INSERT INTO trfu.trfu_classifiers(id, uuid, deleted, VALUE, category) VALUES (8, NULL, 0, 'Отрицательный', 'Kell - антиген');
INSERT INTO trfu.trfu_classifiers(id, uuid, deleted, VALUE, category) VALUES (9, NULL, 0, 'Положительный', 'Kell - антиген');
INSERT INTO trfu.trfu_classifiers(id, uuid, deleted, VALUE, category) VALUES (17, NULL, 0, '0 (I)', 'Группа крови(экспресс-диагностика)');
INSERT INTO trfu.trfu_classifiers(id, uuid, deleted, VALUE, category) VALUES (18, NULL, 0, 'А (II)', 'Группа крови(экспресс-диагностика)');
INSERT INTO trfu.trfu_classifiers(id, uuid, deleted, VALUE, category) VALUES (19, NULL, 0, 'В (III)', 'Группа крови(экспресс-диагностика)');
INSERT INTO trfu.trfu_classifiers(id, uuid, deleted, VALUE, category) VALUES (20, NULL, 0, 'АВ (IV)', 'Группа крови(экспресс-диагностика)');
INSERT INTO trfu.trfu_classifiers(id, uuid, deleted, VALUE, category) VALUES (23, NULL, 0, '001 - на лабораторные исследования', 'Тип донора');
INSERT INTO trfu.trfu_classifiers(id, uuid, deleted, VALUE, category) VALUES (24, NULL, 0, '110 - безвозмездный донор крови', 'Тип донора');
INSERT INTO trfu.trfu_classifiers(id, uuid, deleted, VALUE, category) VALUES (25, NULL, 0, '111 - безвозмездный донор - родственник крови', 'Тип донора');
INSERT INTO trfu.trfu_classifiers(id, uuid, deleted, VALUE, category) VALUES (26, NULL, 0, '120 - безвозмездный донор плазмы (первичный)', 'Тип донора');
INSERT INTO trfu.trfu_classifiers(id, uuid, deleted, VALUE, category) VALUES (27, NULL, 0, '122 - безвозмездный донор плазмы (повторный)', 'Тип донора');
INSERT INTO trfu.trfu_classifiers(id, uuid, deleted, VALUE, category) VALUES (28, NULL, 0, '121 - безвозмездный донор - родственник плазмы', 'Тип донора');
INSERT INTO trfu.trfu_classifiers(id, uuid, deleted, VALUE, category) VALUES (29, NULL, 0, '130 - безвозмездный донор тромбоцитов', 'Тип донора');
INSERT INTO trfu.trfu_classifiers(id, uuid, deleted, VALUE, category) VALUES (30, NULL, 0, '210 - платный донор крови (повторный)', 'Тип донора');
INSERT INTO trfu.trfu_classifiers(id, uuid, deleted, VALUE, category) VALUES (31, NULL, 0, '211 - платный донор крови (первичный)', 'Тип донора');
INSERT INTO trfu.trfu_classifiers(id, uuid, deleted, VALUE, category) VALUES (32, NULL, 0, '222 - платный донор плазмы (повторный)', 'Тип донора');
INSERT INTO trfu.trfu_classifiers(id, uuid, deleted, VALUE, category) VALUES (33, NULL, 0, '223 - платный донор плазмы (первичный)', 'Тип донора');
INSERT INTO trfu.trfu_classifiers(id, uuid, deleted, VALUE, category) VALUES (34, NULL, 0, 'Не определен', 'Kell - антиген');
INSERT INTO trfu.trfu_classifiers(id, uuid, deleted, VALUE, category) VALUES (35, NULL, 0, '0 (I)', 'Группа крови');
INSERT INTO trfu.trfu_classifiers(id, uuid, deleted, VALUE, category) VALUES (36, NULL, 0, 'А (II)', 'Группа крови');
INSERT INTO trfu.trfu_classifiers(id, uuid, deleted, VALUE, category) VALUES (37, NULL, 0, 'В (III)', 'Группа крови');
INSERT INTO trfu.trfu_classifiers(id, uuid, deleted, VALUE, category) VALUES (38, NULL, 0, 'АВ (IV)', 'Группа крови');
INSERT INTO trfu.trfu_classifiers(id, uuid, deleted, VALUE, category) VALUES (39, NULL, 0, 'Отрицательный', 'Гепатит B');
INSERT INTO trfu.trfu_classifiers(id, uuid, deleted, VALUE, category) VALUES (40, NULL, 0, 'Положительный', 'Гепатит B');
INSERT INTO trfu.trfu_classifiers(id, uuid, deleted, VALUE, category) VALUES (41, NULL, 0, 'Отрицательный', 'Гепатит C');
INSERT INTO trfu.trfu_classifiers(id, uuid, deleted, VALUE, category) VALUES (42, NULL, 0, 'Положительный', 'Гепатит C');
INSERT INTO trfu.trfu_classifiers(id, uuid, deleted, VALUE, category) VALUES (43, NULL, 0, 'Отрицательный', 'ВИЧ 1');
INSERT INTO trfu.trfu_classifiers(id, uuid, deleted, VALUE, category) VALUES (44, NULL, 0, 'Положительный', 'ВИЧ 1');
INSERT INTO trfu.trfu_classifiers(id, uuid, deleted, VALUE, category) VALUES (45, NULL, 0, 'Отрицательный', 'ВИЧ 2');
INSERT INTO trfu.trfu_classifiers(id, uuid, deleted, VALUE, category) VALUES (46, NULL, 0, 'Положительный', 'ВИЧ 2');
INSERT INTO trfu.trfu_classifiers(id, uuid, deleted, VALUE, category) VALUES (47, NULL, 0, 'Отрицательный', 'Сифилис (RW)');
INSERT INTO trfu.trfu_classifiers(id, uuid, deleted, VALUE, category) VALUES (48, NULL, 0, 'Положительный', 'Сифилис (RW)');
INSERT INTO trfu.trfu_classifiers(id, uuid, deleted, VALUE, category) VALUES (49, NULL, 0, '+', 'С');
INSERT INTO trfu.trfu_classifiers(id, uuid, deleted, VALUE, category) VALUES (50, NULL, 0, '-', 'С');
INSERT INTO trfu.trfu_classifiers(id, uuid, deleted, VALUE, category) VALUES (51, NULL, 0, '+', 'D');
INSERT INTO trfu.trfu_classifiers(id, uuid, deleted, VALUE, category) VALUES (52, NULL, 0, '-', 'D');
INSERT INTO trfu.trfu_classifiers(id, uuid, deleted, VALUE, category) VALUES (53, NULL, 0, '+', 'Е');
INSERT INTO trfu.trfu_classifiers(id, uuid, deleted, VALUE, category) VALUES (54, NULL, 0, '-', 'Е');
INSERT INTO trfu.trfu_classifiers(id, uuid, deleted, VALUE, category) VALUES (55, NULL, 0, '+', 'K');
INSERT INTO trfu.trfu_classifiers(id, uuid, deleted, VALUE, category) VALUES (56, NULL, 0, '-', 'K');
INSERT INTO trfu.trfu_classifiers(id, uuid, deleted, VALUE, category) VALUES (57, NULL, 0, 'SAGM', 'Ресуспендирующий раствор');
INSERT INTO trfu.trfu_classifiers(id, uuid, deleted, VALUE, category) VALUES (58, NULL, 0, 'Фильтрация', 'Технологические процессы');
INSERT INTO trfu.trfu_classifiers(id, uuid, deleted, VALUE, category) VALUES (59, NULL, 0, 'Центрифугирование', 'Технологические процессы');
INSERT INTO trfu.trfu_classifiers(id, uuid, deleted, VALUE, category) VALUES (60, NULL, 0, 'Удаление плазмы', 'Технологические процессы');
INSERT INTO trfu.trfu_classifiers(id, uuid, deleted, VALUE, category) VALUES (61, NULL, 0, 'Не определена', 'Группа крови');
INSERT INTO trfu.trfu_classifiers(id, uuid, deleted, VALUE, category) VALUES (62, NULL, 0, 'Не определен', 'Rh - фактор');
INSERT INTO trfu.trfu_classifiers(id, uuid, deleted, VALUE, category) VALUES (63, NULL, 0, '112 - безвозмездный донор - аутодонор крови', 'Тип донора');
INSERT INTO trfu.trfu_classifiers(id, uuid, deleted, VALUE, category) VALUES (64, NULL, 0, 'Mg', 'Тип лабораторных измерений');
INSERT INTO trfu.trfu_classifiers(id, uuid, deleted, VALUE, category) VALUES (65, NULL, 0, 'Ca', 'Тип лабораторных измерений');
INSERT INTO trfu.trfu_classifiers(id, uuid, deleted, VALUE, category) VALUES (66, NULL, 0, 'CD34', 'Тип лабораторных измерений');
INSERT INTO trfu.trfu_classifiers(id, uuid, deleted, VALUE, category) VALUES (67, NULL, 0, 'PLT', 'Тип лабораторных измерений');
INSERT INTO trfu.trfu_classifiers(id, uuid, deleted, VALUE, category) VALUES (68, NULL, 0, 'Другое', 'Тип лабораторных измерений');
INSERT INTO trfu.trfu_classifiers(id, uuid, deleted, VALUE, category) VALUES (69, NULL, 0, 'Blast', 'Тип лабораторных измерений');
INSERT INTO trfu.trfu_classifiers(id, uuid, deleted, VALUE, category) VALUES (70, NULL, 0, 'Gran', 'Тип лабораторных измерений');
INSERT INTO trfu.trfu_classifiers(id, uuid, deleted, VALUE, category) VALUES (71, NULL, 0, 'Mono', 'Тип лабораторных измерений');
INSERT INTO trfu.trfu_classifiers(id, uuid, deleted, VALUE, category) VALUES (72, NULL, 0, 'WBC', 'Тип лабораторных измерений');
INSERT INTO trfu.trfu_classifiers(id, uuid, deleted, VALUE, category) VALUES (73, NULL, 0, 'Ht', 'Тип лабораторных измерений');
INSERT INTO trfu.trfu_classifiers(id, uuid, deleted, VALUE, category) VALUES (74, NULL, 0, 'Hgb', 'Тип лабораторных измерений');
INSERT INTO trfu.trfu_classifiers(id, uuid, deleted, VALUE, category) VALUES (75, NULL, 0, 'Фотоферез', 'Вид обработки');
INSERT INTO trfu.trfu_classifiers(id, uuid, deleted, VALUE, category) VALUES (76, NULL, 0, 'Деплеция', 'Вид обработки');
INSERT INTO trfu.trfu_classifiers(id, uuid, deleted, VALUE, category) VALUES (77, NULL, 0, 'Селекция', 'Вид обработки');
INSERT INTO trfu.trfu_classifiers(id, uuid, deleted, VALUE, category) VALUES (78, NULL, 0, 'Заморозка', 'Вид обработки');
INSERT INTO trfu.trfu_classifiers(id, uuid, deleted, VALUE, category) VALUES (79, NULL, 0, 'Удаление эритроцитов', 'Вид обработки');
INSERT INTO trfu.trfu_classifiers(id, uuid, deleted, VALUE, category) VALUES (80, NULL, 0, 'Редукция объема', 'Вид обработки');
INSERT INTO trfu.trfu_classifiers(id, uuid, deleted, VALUE, category) VALUES (81, NULL, 0, 'Продукт плазмообмена', 'Тип биоматериала');
INSERT INTO trfu.trfu_classifiers(id, uuid, deleted, VALUE, category) VALUES (82, NULL, 0, 'Продукт лейкодеплеции', 'Тип биоматериала');
INSERT INTO trfu.trfu_classifiers(id, uuid, deleted, VALUE, category) VALUES (83, NULL, 0, 'Мезенхимальные стволовые клетки', 'Тип биоматериала');
INSERT INTO trfu.trfu_classifiers(id, uuid, deleted, VALUE, category) VALUES (84, NULL, 0, 'Пуповинная кровь', 'Тип биоматериала');
INSERT INTO trfu.trfu_classifiers(id, uuid, deleted, VALUE, category) VALUES (85, NULL, 0, 'Костный мозг', 'Тип биоматериала');
INSERT INTO trfu.trfu_classifiers(id, uuid, deleted, VALUE, category) VALUES (86, NULL, 0, 'Стволовые клетки периферический крови', 'Тип биоматериала');
INSERT INTO trfu.trfu_classifiers(id, uuid, deleted, VALUE, category) VALUES (87, NULL, 0, 'Концентрат мононуклеаров', 'Тип биоматериала');
INSERT INTO trfu.trfu_classifiers(id, uuid, deleted, VALUE, category) VALUES (88, NULL, 0, 'Аферез СКК', 'Вид лечебной процедуры');
INSERT INTO trfu.trfu_classifiers(id, uuid, deleted, VALUE, category) VALUES (89, NULL, 0, 'Забор КМ', 'Вид лечебной процедуры');
INSERT INTO trfu.trfu_classifiers(id, uuid, deleted, VALUE, category) VALUES (90, NULL, 0, 'Плазмаферез', 'Вид лечебной процедуры');
INSERT INTO trfu.trfu_classifiers(id, uuid, deleted, VALUE, category) VALUES (91, NULL, 0, 'Аферез мононуклеаров', 'Вид лечебной процедуры');
INSERT INTO trfu.trfu_classifiers(id, uuid, deleted, VALUE, category) VALUES (92, NULL, 0, 'Система', 'Тип расходного материала');
INSERT INTO trfu.trfu_classifiers(id, uuid, deleted, VALUE, category) VALUES (93, NULL, 0, 'Антикоагулянт', 'Тип расходного материала');
INSERT INTO trfu.trfu_classifiers(id, uuid, deleted, VALUE, category) VALUES (94, NULL, 0, 'NaCl 0,9%', 'Тип расходного материала');
INSERT INTO trfu.trfu_classifiers(id, uuid, deleted, VALUE, category) VALUES (95, NULL, 1, 'Другое', 'Тип расходного материала');
INSERT INTO trfu.trfu_classifiers(id, uuid, deleted, VALUE, category) VALUES (96, NULL, 0, 'Терапевт (выписка за все наблюдения)', 'Типы рекомендаций');
INSERT INTO trfu.trfu_classifiers(id, uuid, deleted, VALUE, category) VALUES (97, NULL, 0, 'Врач-инфекционист (информация по инфекционным заболеваниям за последние 6 месяцев', 'Типы рекомендаций');
INSERT INTO trfu.trfu_classifiers(id, uuid, deleted, VALUE, category) VALUES (98, NULL, 0, 'ЭКГ с рашифровкой', 'Типы рекомендаций');
INSERT INTO trfu.trfu_classifiers(id, uuid, deleted, VALUE, category) VALUES (99, NULL, 0, 'Анализ мочи', 'Типы рекомендаций');
INSERT INTO trfu.trfu_classifiers(id, uuid, deleted, VALUE, category) VALUES (100, NULL, 0, 'Флюорография (с описанием)', 'Типы рекомендаций');
INSERT INTO trfu.trfu_classifiers(id, uuid, deleted, VALUE, category) VALUES (101, NULL, 0, 'Врач-гинеколог', 'Типы рекомендаций');
INSERT INTO trfu.trfu_classifiers(id, uuid, deleted, VALUE, category) VALUES (102, NULL, 0, 'Врач-специалист', 'Типы рекомендаций');
INSERT INTO trfu.trfu_classifiers(id, uuid, deleted, VALUE, category) VALUES (103, NULL, 0, '140 - безвозмездный донор гранулоцитов', 'Тип донора');
INSERT INTO trfu.trfu_classifiers(id, uuid, deleted, VALUE, category) VALUES (104, 'b8c97297-4271-4ef6-8be1-c27de5f2107f', 0, 'Cobe Spectra', 'Процедурный лист: оборудование');
INSERT INTO trfu.trfu_classifiers(id, uuid, deleted, VALUE, category) VALUES (105, 'ee480b84-e647-4702-bc21-036b5ea6c46e', 0, 'Spectra Optia', 'Процедурный лист: оборудование');
INSERT INTO trfu.trfu_classifiers(id, uuid, deleted, VALUE, category) VALUES (106, '70a28c72-08ae-479b-b3a5-16fc1a36182d', 0, 'Плазма', 'Тип биоматериала');
INSERT INTO trfu.trfu_donor_rejection_types(id, uuid, deleted, VALUE, category, code, commentary, days, months, TYPE, years) VALUES (1, NULL, 0, 'Неспецифическая серологическая реакция', 'Инфекционные заболевания', 'И13', NULL, 0, 0, 4, 0);
INSERT INTO trfu.trfu_donor_rejection_types(id, uuid, deleted, VALUE, category, code, commentary, days, months, TYPE, years) VALUES (2, NULL, 0, 'ВИЧ/СПИД', 'Инфекционные заболевания', 'И14', NULL, 0, 0, 4, 0);
INSERT INTO trfu.trfu_donor_rejection_types(id, uuid, deleted, VALUE, category, code, commentary, days, months, TYPE, years) VALUES (3, NULL, 0, 'Носительство ВИЧ-инфекции', 'Инфекционные заболевания', 'И15', NULL, 0, 0, 4, 0);
INSERT INTO trfu.trfu_donor_rejection_types(id, uuid, deleted, VALUE, category, code, commentary, days, months, TYPE, years) VALUES (4, NULL, 0, 'Положительная серологическая реакция на ВИЧ', 'Инфекционные заболевания', 'И16', NULL, 0, 0, 4, 0);
INSERT INTO trfu.trfu_donor_rejection_types(id, uuid, deleted, VALUE, category, code, commentary, days, months, TYPE, years) VALUES (5, NULL, 0, 'Сомнительная серологическая реакция на ВИЧ', 'Инфекционные заболевания', 'И17', NULL, 0, 0, 4, 0);
INSERT INTO trfu.trfu_donor_rejection_types(id, uuid, deleted, VALUE, category, code, commentary, days, months, TYPE, years) VALUES (6, NULL, 0, 'Контакт с ВИЧ инфекцией (половой)', 'Инфекционные заболевания', 'И18', NULL, 0, 0, 4, 0);
INSERT INTO trfu.trfu_donor_rejection_types(id, uuid, deleted, VALUE, category, code, commentary, days, months, TYPE, years) VALUES (7, NULL, 0, 'Гепатит В / вирусоносительство HBsAg', 'Инфекционные заболевания', 'И25', NULL, 0, 0, 4, 0);
INSERT INTO trfu.trfu_donor_rejection_types(id, uuid, deleted, VALUE, category, code, commentary, days, months, TYPE, years) VALUES (8, NULL, 0, 'Гепатит С / вирусоносительство', 'Инфекционные заболевания', 'И26', NULL, 0, 0, 4, 0);
INSERT INTO trfu.trfu_donor_rejection_types(id, uuid, deleted, VALUE, category, code, commentary, days, months, TYPE, years) VALUES (9, NULL, 0, 'Гепатит В и С / вирусоносительство', 'Инфекционные заболевания', 'И27', NULL, 0, 0, 4, 0);
INSERT INTO trfu.trfu_donor_rejection_types(id, uuid, deleted, VALUE, category, code, commentary, days, months, TYPE, years) VALUES (10, NULL, 0, 'Гепатит А', 'Инфекционные заболевания', 'И28', NULL, 0, 0, 4, 0);
INSERT INTO trfu.trfu_donor_rejection_types(id, uuid, deleted, VALUE, category, code, commentary, days, months, TYPE, years) VALUES (11, NULL, 0, 'Другие виды вирусных гепатитов / вирусоносительство', 'Инфекционные заболевания', 'И29', NULL, 0, 0, 4, 0);
INSERT INTO trfu.trfu_donor_rejection_types(id, uuid, deleted, VALUE, category, code, commentary, days, months, TYPE, years) VALUES (12, NULL, 0, 'Гепатит неуточненный', 'Инфекционные заболевания', 'И30', NULL, 0, 0, 4, 0);
INSERT INTO trfu.trfu_donor_rejection_types(id, uuid, deleted, VALUE, category, code, commentary, days, months, TYPE, years) VALUES (13, NULL, 0, 'Гепатит в анамнезе', 'Инфекционные заболевания', 'И31', NULL, 0, 0, 4, 0);
INSERT INTO trfu.trfu_donor_rejection_types(id, uuid, deleted, VALUE, category, code, commentary, days, months, TYPE, years) VALUES (14, NULL, 0, 'Туберкулез', 'Инфекционные заболевания', 'И40', NULL, 0, 0, 4, 0);
INSERT INTO trfu.trfu_donor_rejection_types(id, uuid, deleted, VALUE, category, code, commentary, days, months, TYPE, years) VALUES (15, NULL, 0, 'Бруцеллез', 'Инфекционные заболевания', 'И41', NULL, 0, 0, 4, 0);
INSERT INTO trfu.trfu_donor_rejection_types(id, uuid, deleted, VALUE, category, code, commentary, days, months, TYPE, years) VALUES (16, NULL, 0, 'Сыпной тиф', 'Инфекционные заболевания', 'И42', NULL, 0, 0, 4, 0);
INSERT INTO trfu.trfu_donor_rejection_types(id, uuid, deleted, VALUE, category, code, commentary, days, months, TYPE, years) VALUES (17, NULL, 0, 'Туляремия', 'Инфекционные заболевания', 'И43', NULL, 0, 0, 4, 0);
INSERT INTO trfu.trfu_donor_rejection_types(id, uuid, deleted, VALUE, category, code, commentary, days, months, TYPE, years) VALUES (18, NULL, 0, 'Лепра', 'Инфекционные заболевания', 'И44', NULL, 0, 0, 4, 0);
INSERT INTO trfu.trfu_donor_rejection_types(id, uuid, deleted, VALUE, category, code, commentary, days, months, TYPE, years) VALUES (19, NULL, 0, 'Нейроинфекция', 'Инфекционные заболевания', 'И50', NULL, 0, 0, 4, 0);
INSERT INTO trfu.trfu_donor_rejection_types(id, uuid, deleted, VALUE, category, code, commentary, days, months, TYPE, years) VALUES (20, NULL, 0, 'Цирроз печени после вирусного гепатита', 'Инфекционные заболевания', 'ИЦ', NULL, 0, 0, 4, 0);
INSERT INTO trfu.trfu_donor_rejection_types(id, uuid, deleted, VALUE, category, code, commentary, days, months, TYPE, years) VALUES (21, NULL, 0, 'Врожденный сифилис', 'СИФИЛИС врожденный или приобретенный', 'Л1', NULL, 0, 0, 4, 0);
INSERT INTO trfu.trfu_donor_rejection_types(id, uuid, deleted, VALUE, category, code, commentary, days, months, TYPE, years) VALUES (22, NULL, 0, 'Первичный сифилис', 'СИФИЛИС врожденный или приобретенный', 'Л2', NULL, 0, 0, 4, 0);
INSERT INTO trfu.trfu_donor_rejection_types(id, uuid, deleted, VALUE, category, code, commentary, days, months, TYPE, years) VALUES (23, NULL, 0, 'Вторичный сифилис', 'СИФИЛИС врожденный или приобретенный', 'Л3', NULL, 0, 0, 4, 0);
INSERT INTO trfu.trfu_donor_rejection_types(id, uuid, deleted, VALUE, category, code, commentary, days, months, TYPE, years) VALUES (24, NULL, 0, 'Сифилис ранний скрытый', 'СИФИЛИС врожденный или приобретенный', 'Л4', NULL, 0, 0, 4, 0);
INSERT INTO trfu.trfu_donor_rejection_types(id, uuid, deleted, VALUE, category, code, commentary, days, months, TYPE, years) VALUES (25, NULL, 0, 'Сифилис поздний', 'СИФИЛИС врожденный или приобретенный', 'Л5', NULL, 0, 0, 4, 0);
INSERT INTO trfu.trfu_donor_rejection_types(id, uuid, deleted, VALUE, category, code, commentary, days, months, TYPE, years) VALUES (26, NULL, 0, 'Сифилис скрытый неуточненный', 'СИФИЛИС врожденный или приобретенный', 'Л6', NULL, 0, 0, 4, 0);
INSERT INTO trfu.trfu_donor_rejection_types(id, uuid, deleted, VALUE, category, code, commentary, days, months, TYPE, years) VALUES (27, NULL, 0, 'Сифилис в анамнезе', 'СИФИЛИС врожденный или приобретенный', 'Л7', NULL, 0, 0, 4, 0);
INSERT INTO trfu.trfu_donor_rejection_types(id, uuid, deleted, VALUE, category, code, commentary, days, months, TYPE, years) VALUES (28, NULL, 0, 'Эхинококкоз', 'Паразитарные заболевания', 'П1', NULL, 0, 0, 4, 0);
INSERT INTO trfu.trfu_donor_rejection_types(id, uuid, deleted, VALUE, category, code, commentary, days, months, TYPE, years) VALUES (29, NULL, 0, 'Токсоплазмоз', 'Паразитарные заболевания', 'П2', NULL, 0, 0, 4, 0);
INSERT INTO trfu.trfu_donor_rejection_types(id, uuid, deleted, VALUE, category, code, commentary, days, months, TYPE, years) VALUES (30, NULL, 0, 'Тринаносомоз', 'Паразитарные заболевания', 'П3', NULL, 0, 0, 4, 0);
INSERT INTO trfu.trfu_donor_rejection_types(id, uuid, deleted, VALUE, category, code, commentary, days, months, TYPE, years) VALUES (31, NULL, 0, 'Филяриатоз', 'Паразитарные заболевания', 'П4', NULL, 0, 0, 4, 0);
INSERT INTO trfu.trfu_donor_rejection_types(id, uuid, deleted, VALUE, category, code, commentary, days, months, TYPE, years) VALUES (32, NULL, 0, 'Ришта', 'Паразитарные заболевания', 'П5', NULL, 0, 0, 4, 0);
INSERT INTO trfu.trfu_donor_rejection_types(id, uuid, deleted, VALUE, category, code, commentary, days, months, TYPE, years) VALUES (33, NULL, 0, 'Лейшманиоз', 'Паразитарные заболевания', 'П6', NULL, 0, 0, 4, 0);
INSERT INTO trfu.trfu_donor_rejection_types(id, uuid, deleted, VALUE, category, code, commentary, days, months, TYPE, years) VALUES (34, NULL, 0, 'Злокачественные новообразования', 'Соматические заболевания', 'СС', NULL, 0, 0, 4, 0);
INSERT INTO trfu.trfu_donor_rejection_types(id, uuid, deleted, VALUE, category, code, commentary, days, months, TYPE, years) VALUES (35, NULL, 0, 'Болезни крови', 'Соматические заболевания', 'СК', NULL, 0, 0, 4, 0);
INSERT INTO trfu.trfu_donor_rejection_types(id, uuid, deleted, VALUE, category, code, commentary, days, months, TYPE, years) VALUES (36, NULL, 0, 'Органические заболевания ЦНС', 'Соматические заболевания', 'СЦ', NULL, 0, 0, 4, 0);
INSERT INTO trfu.trfu_donor_rejection_types(id, uuid, deleted, VALUE, category, code, commentary, days, months, TYPE, years) VALUES (37, NULL, 0, 'Черепно-мозговая травма', 'Соматические заболевания', 'СЦ1', NULL, 0, 0, 4, 0);
INSERT INTO trfu.trfu_donor_rejection_types(id, uuid, deleted, VALUE, category, code, commentary, days, months, TYPE, years) VALUES (38, NULL, 0, 'Глухонемота', 'Соматические заболевания', 'СГ', NULL, 0, 0, 4, 0);
INSERT INTO trfu.trfu_donor_rejection_types(id, uuid, deleted, VALUE, category, code, commentary, days, months, TYPE, years) VALUES (39, NULL, 0, 'Психические заболевания', 'Соматические заболевания', 'ПХ', NULL, 0, 0, 4, 0);
INSERT INTO trfu.trfu_donor_rejection_types(id, uuid, deleted, VALUE, category, code, commentary, days, months, TYPE, years) VALUES (40, NULL, 0, 'Наркомания', 'Соматические заболевания', 'СН', NULL, 0, 0, 4, 0);
INSERT INTO trfu.trfu_donor_rejection_types(id, uuid, deleted, VALUE, category, code, commentary, days, months, TYPE, years) VALUES (41, NULL, 0, 'Алкоголизм', 'Соматические заболевания', 'СА', NULL, 0, 0, 4, 0);
INSERT INTO trfu.trfu_donor_rejection_types(id, uuid, deleted, VALUE, category, code, commentary, days, months, TYPE, years) VALUES (42, NULL, 0, 'Гипертоническая болезнь II-III ст.', 'Сердечно-сосудистые заболевания', 'С11', NULL, 0, 0, 4, 0);
INSERT INTO trfu.trfu_donor_rejection_types(id, uuid, deleted, VALUE, category, code, commentary, days, months, TYPE, years) VALUES (43, NULL, 0, 'Ишемическая болезнь сердца', 'Сердечно-сосудистые заболевания', 'С12', NULL, 0, 0, 4, 0);
INSERT INTO trfu.trfu_donor_rejection_types(id, uuid, deleted, VALUE, category, code, commentary, days, months, TYPE, years) VALUES (44, NULL, 0, 'Атеросклероз', 'Сердечно-сосудистые заболевания', 'С13', NULL, 0, 0, 4, 0);
INSERT INTO trfu.trfu_donor_rejection_types(id, uuid, deleted, VALUE, category, code, commentary, days, months, TYPE, years) VALUES (45, NULL, 0, 'Атеросклеротический кардиосклероз', 'Сердечно-сосудистые заболевания', 'С14', NULL, 0, 0, 4, 0);
INSERT INTO trfu.trfu_donor_rejection_types(id, uuid, deleted, VALUE, category, code, commentary, days, months, TYPE, years) VALUES (46, NULL, 0, 'Облитерирующий эндоартериит', 'Сердечно-сосудистые заболевания', 'С15', NULL, 0, 0, 4, 0);
INSERT INTO trfu.trfu_donor_rejection_types(id, uuid, deleted, VALUE, category, code, commentary, days, months, TYPE, years) VALUES (47, NULL, 0, 'Неспецифический аортоартериит', 'Сердечно-сосудистые заболевания', 'С16', NULL, 0, 0, 4, 0);
INSERT INTO trfu.trfu_donor_rejection_types(id, uuid, deleted, VALUE, category, code, commentary, days, months, TYPE, years) VALUES (48, NULL, 0, 'Рецидивирующий тромбофлебит', 'Сердечно-сосудистые заболевания', 'С17', NULL, 0, 0, 4, 0);
INSERT INTO trfu.trfu_donor_rejection_types(id, uuid, deleted, VALUE, category, code, commentary, days, months, TYPE, years) VALUES (49, NULL, 0, 'Эндокардиты, миокардиты', 'Сердечно-сосудистые заболевания', 'С18', NULL, 0, 0, 4, 0);
INSERT INTO trfu.trfu_donor_rejection_types(id, uuid, deleted, VALUE, category, code, commentary, days, months, TYPE, years) VALUES (50, NULL, 0, 'Пороки сердца', 'Сердечно-сосудистые заболевания', 'С19', NULL, 0, 0, 4, 0);
INSERT INTO trfu.trfu_donor_rejection_types(id, uuid, deleted, VALUE, category, code, commentary, days, months, TYPE, years) VALUES (51, NULL, 0, 'Бронхиальная астма', 'Болезни органов дыхания', 'С21', NULL, 0, 0, 4, 0);
INSERT INTO trfu.trfu_donor_rejection_types(id, uuid, deleted, VALUE, category, code, commentary, days, months, TYPE, years) VALUES (52, NULL, 0, 'Бронхоэктатическая болезнь', 'Болезни органов дыхания', 'С22', NULL, 0, 0, 4, 0);
INSERT INTO trfu.trfu_donor_rejection_types(id, uuid, deleted, VALUE, category, code, commentary, days, months, TYPE, years) VALUES (53, NULL, 0, 'Эмфизема легких', 'Болезни органов дыхания', 'С23', NULL, 0, 0, 4, 0);
INSERT INTO trfu.trfu_donor_rejection_types(id, uuid, deleted, VALUE, category, code, commentary, days, months, TYPE, years) VALUES (54, NULL, 0, 'Обструктивный бронхит', 'Болезни органов дыхания', 'С24', NULL, 0, 0, 4, 0);
INSERT INTO trfu.trfu_donor_rejection_types(id, uuid, deleted, VALUE, category, code, commentary, days, months, TYPE, years) VALUES (55, NULL, 0, 'Диффузный пневмосклероз в стадии декомпенсации', 'Болезни органов дыхания', 'С25', NULL, 0, 0, 4, 0);
INSERT INTO trfu.trfu_donor_rejection_types(id, uuid, deleted, VALUE, category, code, commentary, days, months, TYPE, years) VALUES (56, NULL, 0, 'Ахилический гастрит', 'Болезни органов пищеварения', 'С31', NULL, 0, 0, 4, 0);
INSERT INTO trfu.trfu_donor_rejection_types(id, uuid, deleted, VALUE, category, code, commentary, days, months, TYPE, years) VALUES (57, NULL, 0, 'Язвенная болезнь желудка', 'Болезни органов пищеварения', 'С32', NULL, 0, 0, 4, 0);
INSERT INTO trfu.trfu_donor_rejection_types(id, uuid, deleted, VALUE, category, code, commentary, days, months, TYPE, years) VALUES (58, NULL, 0, 'Язвенная болезнь 12-ти перстной кишки', 'Болезни органов пищеварения', 'С33', NULL, 0, 0, 4, 0);
INSERT INTO trfu.trfu_donor_rejection_types(id, uuid, deleted, VALUE, category, code, commentary, days, months, TYPE, years) VALUES (59, NULL, 0, 'Заболевания печени', 'Заболевания печени и желчных путей и поджелудочной железы', 'С41', NULL, 0, 0, 4, 0);
INSERT INTO trfu.trfu_donor_rejection_types(id, uuid, deleted, VALUE, category, code, commentary, days, months, TYPE, years) VALUES (60, NULL, 0, 'Заболевания желчных путей', 'Заболевания печени и желчных путей и поджелудочной железы', 'С42', NULL, 0, 0, 4, 0);
INSERT INTO trfu.trfu_donor_rejection_types(id, uuid, deleted, VALUE, category, code, commentary, days, months, TYPE, years) VALUES (61, NULL, 0, 'Хронические заболевания печени, в том числе токсической природы и неясной этиологии', 'Заболевания печени и желчных путей и поджелудочной железы', 'С43', NULL, 0, 0, 4, 0);
INSERT INTO trfu.trfu_donor_rejection_types(id, uuid, deleted, VALUE, category, code, commentary, days, months, TYPE, years) VALUES (62, NULL, 0, 'Калькулезный холецистите повторяющимися приступами и явлениями холангита', 'Заболевания печени и желчных путей и поджелудочной железы', 'С44', NULL, 0, 0, 4, 0);
INSERT INTO trfu.trfu_donor_rejection_types(id, uuid, deleted, VALUE, category, code, commentary, days, months, TYPE, years) VALUES (63, NULL, 0, 'Цирроз печени', 'Заболевания печени и желчных путей и поджелудочной железы', 'С45', NULL, 0, 0, 4, 0);
INSERT INTO trfu.trfu_donor_rejection_types(id, uuid, deleted, VALUE, category, code, commentary, days, months, TYPE, years) VALUES (64, NULL, 0, 'Диффузные и очаговые поражения почек', 'Заболевания почек и мочевыводяших путей', 'С51', NULL, 0, 0, 4, 0);
INSERT INTO trfu.trfu_donor_rejection_types(id, uuid, deleted, VALUE, category, code, commentary, days, months, TYPE, years) VALUES (65, NULL, 0, 'Мочекаменная болезнь', 'Заболевания почек и мочевыводяших путей', 'С52', NULL, 0, 0, 4, 0);
INSERT INTO trfu.trfu_donor_rejection_types(id, uuid, deleted, VALUE, category, code, commentary, days, months, TYPE, years) VALUES (66, NULL, 0, 'Диффузные заболевания соединительной ткани', 'Диффузные заболевания соединительной ткани', 'СД', NULL, 0, 0, 4, 0);
INSERT INTO trfu.trfu_donor_rejection_types(id, uuid, deleted, VALUE, category, code, commentary, days, months, TYPE, years) VALUES (67, NULL, 0, 'Лучевая болезнь', 'Лучевая болезнь', 'СЛ', NULL, 0, 0, 4, 0);
INSERT INTO trfu.trfu_donor_rejection_types(id, uuid, deleted, VALUE, category, code, commentary, days, months, TYPE, years) VALUES (68, NULL, 0, 'Болезни эндокринной системы', 'Болезни эндокринной системы', 'СЭ', NULL, 0, 0, 4, 0);
INSERT INTO trfu.trfu_donor_rejection_types(id, uuid, deleted, VALUE, category, code, commentary, days, months, TYPE, years) VALUES (69, NULL, 0, 'Озена', 'Болезни ЛОР-органов', 'С61', NULL, 0, 0, 4, 0);
INSERT INTO trfu.trfu_donor_rejection_types(id, uuid, deleted, VALUE, category, code, commentary, days, months, TYPE, years) VALUES (70, NULL, 0, 'Прочие острые и хронические тяжелые гнойно- воспалительные заболевания', 'Болезни ЛОР-органов', 'С62', NULL, 0, 0, 4, 0);
INSERT INTO trfu.trfu_donor_rejection_types(id, uuid, deleted, VALUE, category, code, commentary, days, months, TYPE, years) VALUES (71, NULL, 0, 'Остаточные явления увеита (ирит. иридоциклит, хориоретинит)', 'Глазные болезни', 'С71', NULL, 0, 0, 4, 0);
INSERT INTO trfu.trfu_donor_rejection_types(id, uuid, deleted, VALUE, category, code, commentary, days, months, TYPE, years) VALUES (72, NULL, 0, 'Высокая миопия (6Д и более )', 'Глазные болезни', 'С72', NULL, 0, 0, 4, 0);
INSERT INTO trfu.trfu_donor_rejection_types(id, uuid, deleted, VALUE, category, code, commentary, days, months, TYPE, years) VALUES (73, NULL, 0, 'Трахома', 'Глазные болезни', 'С73', NULL, 0, 0, 4, 0);
INSERT INTO trfu.trfu_donor_rejection_types(id, uuid, deleted, VALUE, category, code, commentary, days, months, TYPE, years) VALUES (74, NULL, 0, 'Полная слепота', 'Глазные болезни', 'С74', NULL, 0, 0, 4, 0);
INSERT INTO trfu.trfu_donor_rejection_types(id, uuid, deleted, VALUE, category, code, commentary, days, months, TYPE, years) VALUES (75, NULL, 0, 'Распространенные заболевания кожи воспалительного и инфекционного характера', 'Кожные болезни', 'С81', NULL, 0, 0, 4, 0);
INSERT INTO trfu.trfu_donor_rejection_types(id, uuid, deleted, VALUE, category, code, commentary, days, months, TYPE, years) VALUES (76, NULL, 0, 'Генерализованный псориаз, эритродермия, экземы, пиодермия, сикоз, красная волчанка, пузырчатые дерматозы', 'Кожные болезни', 'С82', NULL, 0, 0, 4, 0);
INSERT INTO trfu.trfu_donor_rejection_types(id, uuid, deleted, VALUE, category, code, commentary, days, months, TYPE, years) VALUES (77, NULL, 0, 'Грибковые поражения (микроспория, трихофития, фавус, эпидермофития) и внутренних органов (глубокие микозы)', 'Кожные болезни', 'С83', NULL, 0, 0, 4, 0);
INSERT INTO trfu.trfu_donor_rejection_types(id, uuid, deleted, VALUE, category, code, commentary, days, months, TYPE, years) VALUES (78, NULL, 0, 'Гнойничковые заболевания кожи (пиодермия, фурункулез, сикоз)', 'Кожные болезни', 'С84', NULL, 0, 0, 4, 0);
INSERT INTO trfu.trfu_donor_rejection_types(id, uuid, deleted, VALUE, category, code, commentary, days, months, TYPE, years) VALUES (79, NULL, 0, 'Заболевания опорно-двигательного аппарата', 'Заболевания опорно-двигательного аппарата', 'СКО', NULL, 0, 0, 4, 0);
INSERT INTO trfu.trfu_donor_rejection_types(id, uuid, deleted, VALUE, category, code, commentary, days, months, TYPE, years) VALUES (80, NULL, 0, 'Остеомиелит острый и хронический', 'Остеомиелит острый и хронический', 'СО', NULL, 0, 0, 4, 0);
INSERT INTO trfu.trfu_donor_rejection_types(id, uuid, deleted, VALUE, category, code, commentary, days, months, TYPE, years) VALUES (81, NULL, 0, 'Перенесенные операции по поводу . резекции органа (желудок, почка, желчный пузырь, селезенка, яичники, матка и пр.) и трансплантации органов и тканей', 'Перенесенные операции по поводу . резекции органа (желудок, почка, желчный пузырь, селезенка, яичники, матка и пр.) и трансплантации органов и тканей', 'СУ', NULL, 0, 0, 4, 0);
INSERT INTO trfu.trfu_donor_rejection_types(id, uuid, deleted, VALUE, category, code, commentary, days, months, TYPE, years) VALUES (82, NULL, 0, 'Гинекологические заболевания', 'Гинекологические заболевания', 'СГН', NULL, 0, 0, 4, 0);
INSERT INTO trfu.trfu_donor_rejection_types(id, uuid, deleted, VALUE, category, code, commentary, days, months, TYPE, years) VALUES (83, NULL, 0, 'Аномалия развития организма', 'Аномалия развития организма', 'АР', NULL, 0, 0, 4, 0);
INSERT INTO trfu.trfu_donor_rejection_types(id, uuid, deleted, VALUE, category, code, commentary, days, months, TYPE, years) VALUES (84, NULL, 0, 'Нарушение донорского режима', 'Нарушение донорского режима', 'Н', NULL, 0, 0, 4, 0);
INSERT INTO trfu.trfu_donor_rejection_types(id, uuid, deleted, VALUE, category, code, commentary, days, months, TYPE, years) VALUES (85, NULL, 0, 'Изосерологические показатели', 'Изосерологические показатели', 'ИЗО', NULL, 0, 0, 4, 0);
INSERT INTO trfu.trfu_donor_rejection_types(id, uuid, deleted, VALUE, category, code, commentary, days, months, TYPE, years) VALUES (86, NULL, 0, 'ВИЧ - ИФА положительный', '', 'О1', NULL, 0, 0, 3, 0);
INSERT INTO trfu.trfu_donor_rejection_types(id, uuid, deleted, VALUE, category, code, commentary, days, months, TYPE, years) VALUES (87, NULL, 0, 'Сероконтроль ВИЧ через 1 месяц после донации', '', 'О2', NULL, 0, 0, 3, 0);
INSERT INTO trfu.trfu_donor_rejection_types(id, uuid, deleted, VALUE, category, code, commentary, days, months, TYPE, years) VALUES (88, NULL, 0, 'Сероконтроль ВИЧ через 6 месяцем после донации', NULL, 'О3', NULL, 0, 0, 3, 0);
INSERT INTO trfu.trfu_donor_rejection_types(id, uuid, deleted, VALUE, category, code, commentary, days, months, TYPE, years) VALUES (89, NULL, 0, 'Положительная серологическая реакция на сифилис', NULL, 'О4', NULL, 0, 0, 3, 0);
INSERT INTO trfu.trfu_donor_rejection_types(id, uuid, deleted, VALUE, category, code, commentary, days, months, TYPE, years) VALUES (90, NULL, 0, 'Сероконтроль. на сифилис через 1 месяц (МР + ИФА / РПГА)', NULL, 'О5', NULL, 0, 0, 3, 0);
INSERT INTO trfu.trfu_donor_rejection_types(id, uuid, deleted, VALUE, category, code, commentary, days, months, TYPE, years) VALUES (91, NULL, 0, 'Неопределенная серологическая реакция на сифилис (МР + ИФА / РПГА)', NULL, 'О6', NULL, 0, 0, 3, 0);
INSERT INTO trfu.trfu_donor_rejection_types(id, uuid, deleted, VALUE, category, code, commentary, days, months, TYPE, years) VALUES (92, NULL, 0, 'Сероконтроль на гепатит В через 1 месяц (по заключению 1ДКДЛ)', NULL, 'О8', NULL, 0, 0, 3, 0);
INSERT INTO trfu.trfu_donor_rejection_types(id, uuid, deleted, VALUE, category, code, commentary, days, months, TYPE, years) VALUES (93, NULL, 0, 'Положительная серологическая реакция на гепатит В', NULL, 'О9', NULL, 0, 0, 3, 0);
INSERT INTO trfu.trfu_donor_rejection_types(id, uuid, deleted, VALUE, category, code, commentary, days, months, TYPE, years) VALUES (94, NULL, 0, 'Сероконтроль на гепатит С через 1 месяц (по заключению ЦКДЛ)', NULL, 'О11', NULL, 0, 0, 3, 0);
INSERT INTO trfu.trfu_donor_rejection_types(id, uuid, deleted, VALUE, category, code, commentary, days, months, TYPE, years) VALUES (95, NULL, 0, 'Положительная серологическая реакция на гепатит С', NULL, 'О12', NULL, 0, 0, 3, 0);
INSERT INTO trfu.trfu_donor_rejection_types(id, uuid, deleted, VALUE, category, code, commentary, days, months, TYPE, years) VALUES (96, NULL, 0, 'Положительная серологическая реакция на гепатит В и С', NULL, 'О13', NULL, 0, 0, 3, 0);
INSERT INTO trfu.trfu_donor_rejection_types(id, uuid, deleted, VALUE, category, code, commentary, days, months, TYPE, years) VALUES (97, NULL, 0, 'Зарегистр. как возможный источник гепатита', NULL, 'О14', NULL, 0, 0, 3, 0);
INSERT INTO trfu.trfu_donor_rejection_types(id, uuid, deleted, VALUE, category, code, commentary, days, months, TYPE, years) VALUES (98, NULL, 0, 'Однократное превышение нормы АЛТ в 2 раза и более', NULL, 'О15', NULL, 0, 0, 3, 0);
INSERT INTO trfu.trfu_donor_rejection_types(id, uuid, deleted, VALUE, category, code, commentary, days, months, TYPE, years) VALUES (99, NULL, 0, 'Двухкратное превышение нормы АЛТ', NULL, 'О16', NULL, 0, 0, 3, 0);
INSERT INTO trfu.trfu_donor_rejection_types(id, uuid, deleted, VALUE, category, code, commentary, days, months, TYPE, years) VALUES (100, NULL, 0, 'Сероконтроль на гепатит В через 3 месяца', NULL, 'О19', NULL, 0, 0, 3, 0);
INSERT INTO trfu.trfu_donor_rejection_types(id, uuid, deleted, VALUE, category, code, commentary, days, months, TYPE, years) VALUES (101, NULL, 0, 'Сероконтроль на гепатит С через 3 месяца', NULL, 'О20', NULL, 0, 0, 3, 0);
INSERT INTO trfu.trfu_donor_rejection_types(id, uuid, deleted, VALUE, category, code, commentary, days, months, TYPE, years) VALUES (102, NULL, 0, 'Абсолютный отвод до заключения специалиста (специализацию указать в примечании)', NULL, 'О21', NULL, 0, 0, 3, 0);
INSERT INTO trfu.trfu_donor_rejection_types(id, uuid, deleted, VALUE, category, code, commentary, days, months, TYPE, years) VALUES (103, NULL, 0, 'Сероконтроль на гепатиты В и С через 3 месяца', NULL, 'О22', NULL, 0, 0, 3, 0);
INSERT INTO trfu.trfu_donor_rejection_types(id, uuid, deleted, VALUE, category, code, commentary, days, months, TYPE, years) VALUES (104, NULL, 0, 'Сероконтроль через 3 месяца', NULL, 'О23', NULL, 0, 0, 3, 0);
INSERT INTO trfu.trfu_donor_rejection_types(id, uuid, deleted, VALUE, category, code, commentary, days, months, TYPE, years) VALUES (105, NULL, 0, 'Сомнительная серологическая реакция на гепатит С', NULL, 'О24', NULL, 0, 0, 3, 0);
INSERT INTO trfu.trfu_donor_rejection_types(id, uuid, deleted, VALUE, category, code, commentary, days, months, TYPE, years) VALUES (106, NULL, 0, 'Сероконтроль на гепатит В+АЛТ через 3 месяца', NULL, 'О25', NULL, 0, 0, 3, 0);
INSERT INTO trfu.trfu_donor_rejection_types(id, uuid, deleted, VALUE, category, code, commentary, days, months, TYPE, years) VALUES (107, NULL, 0, 'Сероконтроль на гепатит С+АЛТчерез 3 месяца', NULL, 'О26', NULL, 0, 0, 3, 0);
INSERT INTO trfu.trfu_donor_rejection_types(id, uuid, deleted, VALUE, category, code, commentary, days, months, TYPE, years) VALUES (108, NULL, 0, 'Положительная серологическая реакция на вирусные гепатиты (Е, G, TTV и др.)', NULL, 'О27', NULL, 0, 0, 3, 0);
INSERT INTO trfu.trfu_donor_rejection_types(id, uuid, deleted, VALUE, category, code, commentary, days, months, TYPE, years) VALUES (109, NULL, 0, 'Положительная реакция на PHK-HCV', NULL, 'О28', NULL, 0, 0, 3, 0);
INSERT INTO trfu.trfu_donor_rejection_types(id, uuid, deleted, VALUE, category, code, commentary, days, months, TYPE, years) VALUES (110, NULL, 0, 'Положительная реакция на ДНК-MBV', NULL, 'О29', NULL, 0, 0, 3, 0);
INSERT INTO trfu.trfu_donor_rejection_types(id, uuid, deleted, VALUE, category, code, commentary, days, months, TYPE, years) VALUES (111, NULL, 0, 'Положительная реакция на PHK-HIV', NULL, 'О30', NULL, 0, 0, 3, 0);
INSERT INTO trfu.trfu_donor_rejection_types(id, uuid, deleted, VALUE, category, code, commentary, days, months, TYPE, years) VALUES (112, NULL, 0, 'Малярия', NULL, 'О31', NULL, 0, 0, 3, 0);
INSERT INTO trfu.trfu_donor_rejection_types(id, uuid, deleted, VALUE, category, code, commentary, days, months, TYPE, years) VALUES (113, NULL, 0, 'Носительство малярии ', NULL, 'О32', NULL, 0, 0, 3, 0);
INSERT INTO trfu.trfu_donor_rejection_types(id, uuid, deleted, VALUE, category, code, commentary, days, months, TYPE, years) VALUES (114, NULL, 0, 'Задержано ЦКДЛ', 'Факторы риска заражения гемотраемиссивными заболеваниями', 'Ф11', NULL, 0, 0, 3, 0);
INSERT INTO trfu.trfu_donor_rejection_types(id, uuid, deleted, VALUE, category, code, commentary, days, months, TYPE, years) VALUES (115, NULL, 0, 'Контакт с больными гепатитами В и С', NULL, 'Ф21', NULL, 0, 0, 0, 1);
INSERT INTO trfu.trfu_donor_rejection_types(id, uuid, deleted, VALUE, category, code, commentary, days, months, TYPE, years) VALUES (116, NULL, 0, 'Контакт с больными гепатитом А', NULL, 'Ф23', NULL, 0, 3, 0, 0);
INSERT INTO trfu.trfu_donor_rejection_types(id, uuid, deleted, VALUE, category, code, commentary, days, months, TYPE, years) VALUES (117, NULL, 0, 'Нанесение татуировки или лечение иглоукалыванием', NULL, 'Ф4', NULL, 0, 0, 0, 1);
INSERT INTO trfu.trfu_donor_rejection_types(id, uuid, deleted, VALUE, category, code, commentary, days, months, TYPE, years) VALUES (118, NULL, 0, 'После пребывания в зонах эндемичных по малярии более 3 мес.', NULL, 'Ф51', NULL, 0, 0, 0, 3);
INSERT INTO trfu.trfu_donor_rejection_types(id, uuid, deleted, VALUE, category, code, commentary, days, months, TYPE, years) VALUES (119, NULL, 0, 'После пребывания в загранкомандировках длительностью более 2 месяцев', NULL, 'Ф52', NULL, 0, 6, 0, 0);
INSERT INTO trfu.trfu_donor_rejection_types(id, uuid, deleted, VALUE, category, code, commentary, days, months, TYPE, years) VALUES (120, NULL, 0, 'После трансфузии крови, ее компонентов', NULL, 'Ф6', NULL, 0, 6, 0, 0);
INSERT INTO trfu.trfu_donor_rejection_types(id, uuid, deleted, VALUE, category, code, commentary, days, months, TYPE, years) VALUES (121, NULL, 0, 'После операции, в т.ч. аборта', NULL, 'Ф7', NULL, 0, 6, 0, 0);
INSERT INTO trfu.trfu_donor_rejection_types(id, uuid, deleted, VALUE, category, code, commentary, days, months, TYPE, years) VALUES (122, NULL, 0, 'Брюшной тиф', NULL, 'Б13', NULL, 0, 0, 0, 1);
INSERT INTO trfu.trfu_donor_rejection_types(id, uuid, deleted, VALUE, category, code, commentary, days, months, TYPE, years) VALUES (123, NULL, 0, 'Ангина, грипп, ОРВИ - после выздоровления', NULL, 'Б14', NULL, 0, 1, 0, 0);
INSERT INTO trfu.trfu_donor_rejection_types(id, uuid, deleted, VALUE, category, code, commentary, days, months, TYPE, years) VALUES (124, NULL, 0, 'Прочие инфекционные заболевания после выздоровления', NULL, 'Б2', NULL, 0, 6, 0, 0);
INSERT INTO trfu.trfu_donor_rejection_types(id, uuid, deleted, VALUE, category, code, commentary, days, months, TYPE, years) VALUES (125, NULL, 0, 'Экстракция зуба', NULL, 'Б3', NULL, 10, 0, 0, 0);
INSERT INTO trfu.trfu_donor_rejection_types(id, uuid, deleted, VALUE, category, code, commentary, days, months, TYPE, years) VALUES (126, NULL, 0, 'Острые или хронические воспалительные процессы в стадии обострения', NULL, 'Б4', NULL, 0, 1, 0, 0);
INSERT INTO trfu.trfu_donor_rejection_types(id, uuid, deleted, VALUE, category, code, commentary, days, months, TYPE, years) VALUES (127, NULL, 0, 'Вегето-сосудистая дистония', NULL, 'Б5', NULL, 0, 1, 0, 0);
INSERT INTO trfu.trfu_donor_rejection_types(id, uuid, deleted, VALUE, category, code, commentary, days, months, TYPE, years) VALUES (128, NULL, 0, 'Аллергические заболевания в стадии обострения', NULL, 'Б6', NULL, 0, 2, 0, 0);
INSERT INTO trfu.trfu_donor_rejection_types(id, uuid, deleted, VALUE, category, code, commentary, days, months, TYPE, years) VALUES (129, NULL, 0, 'После родов', NULL, 'Р1', NULL, 0, 0, 0, 1);
INSERT INTO trfu.trfu_donor_rejection_types(id, uuid, deleted, VALUE, category, code, commentary, days, months, TYPE, years) VALUES (130, NULL, 0, 'После окончания лактации', NULL, 'Р2', NULL, 0, 3, 0, 0);
INSERT INTO trfu.trfu_donor_rejection_types(id, uuid, deleted, VALUE, category, code, commentary, days, months, TYPE, years) VALUES (131, NULL, 0, 'После окончания менструации', NULL, 'Р3', NULL, 5, 0, 0, 0);
INSERT INTO trfu.trfu_donor_rejection_types(id, uuid, deleted, VALUE, category, code, commentary, days, months, TYPE, years) VALUES (132, NULL, 0, 'После прививки убитыми вакцинами', NULL, 'В1', NULL, 10, 0, 0, 0);
INSERT INTO trfu.trfu_donor_rejection_types(id, uuid, deleted, VALUE, category, code, commentary, days, months, TYPE, years) VALUES (133, NULL, 0, 'После прививки живыми вакцинами', NULL, 'В2', NULL, 0, 1, 0, 0);
INSERT INTO trfu.trfu_donor_rejection_types(id, uuid, deleted, VALUE, category, code, commentary, days, months, TYPE, years) VALUES (134, NULL, 0, 'После введения иммуноглобулина против гепатита В', NULL, 'В3', NULL, 0, 0, 0, 1);
INSERT INTO trfu.trfu_donor_rejection_types(id, uuid, deleted, VALUE, category, code, commentary, days, months, TYPE, years) VALUES (135, NULL, 0, 'После вакцины против бешенства', NULL, 'В4', NULL, 0, 2, 0, 0);
INSERT INTO trfu.trfu_donor_rejection_types(id, uuid, deleted, VALUE, category, code, commentary, days, months, TYPE, years) VALUES (136, NULL, 0, 'После реакции Манту', NULL, 'В5', NULL, 0, 2, 0, 0);
INSERT INTO trfu.trfu_donor_rejection_types(id, uuid, deleted, VALUE, category, code, commentary, days, months, TYPE, years) VALUES (137, NULL, 0, 'После приема антибиотиков', NULL, 'Х1', NULL, 14, 0, 0, 0);
INSERT INTO trfu.trfu_donor_rejection_types(id, uuid, deleted, VALUE, category, code, commentary, days, months, TYPE, years) VALUES (138, NULL, 0, 'После приема анальгетиков и салицилатов', NULL, 'Х2', NULL, 3, 0, 0, 0);
INSERT INTO trfu.trfu_donor_rejection_types(id, uuid, deleted, VALUE, category, code, commentary, days, months, TYPE, years) VALUES (139, NULL, 0, 'Контроль AЛT через 3 мес. после однократного -превышения нормы АЛТ менее чем в 2 раза', NULL, 'Д1', NULL, 0, 0, 1, 0);
INSERT INTO trfu.trfu_donor_rejection_types(id, uuid, deleted, VALUE, category, code, commentary, days, months, TYPE, years) VALUES (140, NULL, 0, 'Патология биохимических показателей крови', NULL, 'Д2', NULL, 0, 0, 2, 0);
INSERT INTO trfu.trfu_donor_rejection_types(id, uuid, deleted, VALUE, category, code, commentary, days, months, TYPE, years) VALUES (141, NULL, 0, 'Диспротеинемия', NULL, 'Д3', NULL, 0, 3, 0, 0);
INSERT INTO trfu.trfu_donor_rejection_types(id, uuid, deleted, VALUE, category, code, commentary, days, months, TYPE, years) VALUES (142, NULL, 0, 'Патология клинических показателей крови', NULL, 'Д4', NULL, 0, 0, 2, 0);
INSERT INTO trfu.trfu_donor_rejection_types(id, uuid, deleted, VALUE, category, code, commentary, days, months, TYPE, years) VALUES (143, NULL, 0, 'Систолич. АД выше 160 или ниже 90 мм рт. ст.', NULL, 'Д5', NULL, 14, 0, 0, 0);
INSERT INTO trfu.trfu_donor_rejection_types(id, uuid, deleted, VALUE, category, code, commentary, days, months, TYPE, years) VALUES (144, NULL, 0, 'Диастолич. АД выше 100 или ниже 60 мм рт.ст.', NULL, 'Д6', NULL, 14, 0, 0, 0);
INSERT INTO trfu.trfu_donor_rejection_types(id, uuid, deleted, VALUE, category, code, commentary, days, months, TYPE, years) VALUES (145, NULL, 0, 'След укола в вену', NULL, 'Д7', NULL, 0, 0, 2, 0);
INSERT INTO trfu.trfu_donor_rejection_types(id, uuid, deleted, VALUE, category, code, commentary, days, months, TYPE, years) VALUES (146, NULL, 0, 'После сдачи 12 л плазмы в течение года', NULL, 'Д8', NULL, 0, 0, 1, 0);
INSERT INTO trfu.trfu_donor_rejection_types(id, uuid, deleted, VALUE, category, code, commentary, days, months, TYPE, years) VALUES (147, NULL, 0, 'Прочие временные противопоказания', NULL, 'Д9', NULL, 0, 0, 1, 0);
INSERT INTO trfu.trfu_donor_rejection_types(id, uuid, deleted, VALUE, category, code, commentary, days, months, TYPE, years) VALUES (148, NULL, 0, 'Направлен на консультацию кардиолога', NULL, 'Д10', NULL, 0, 0, 2, 0);
INSERT INTO trfu.trfu_donor_rejection_types(id, uuid, deleted, VALUE, category, code, commentary, days, months, TYPE, years) VALUES (149, NULL, 0, 'Направлен на консультацию гинеколога', NULL, 'Д11', NULL, 0, 0, 2, 0);
INSERT INTO trfu.trfu_donor_rejection_types(id, uuid, deleted, VALUE, category, code, commentary, days, months, TYPE, years) VALUES (150, NULL, 0, 'Направлен на консультацию уролога', NULL, 'Д12', NULL, 0, 0, 2, 0);
INSERT INTO trfu.trfu_donor_rejection_types(id, uuid, deleted, VALUE, category, code, commentary, days, months, TYPE, years) VALUES (151, NULL, 0, 'Направлен на консультацию дерматовенеролога', NULL, 'Д13', NULL, 0, 0, 2, 0);
INSERT INTO trfu.trfu_donor_rejection_types(id, uuid, deleted, VALUE, category, code, commentary, days, months, TYPE, years) VALUES (152, NULL, 0, 'Направлен на консультацию окулиста', NULL, 'Д14', NULL, 0, 0, 2, 0);
INSERT INTO trfu.trfu_donor_rejection_types(id, uuid, deleted, VALUE, category, code, commentary, days, months, TYPE, years) VALUES (153, NULL, 0, 'Направлен на консультацию отоларинголога', NULL, 'Д15', NULL, 0, 0, 2, 0);
INSERT INTO trfu.trfu_donor_rejection_types(id, uuid, deleted, VALUE, category, code, commentary, days, months, TYPE, years) VALUES (154, NULL, 0, 'Направлен на консультацию гастроэнтеролога', NULL, 'Д16', NULL, 0, 0, 2, 0);
INSERT INTO trfu.trfu_donor_rejection_types(id, uuid, deleted, VALUE, category, code, commentary, days, months, TYPE, years) VALUES (155, NULL, 0, 'Направлен на консультацию к специалисту, не указанному в пунктах Д9-Д15 (в примечании указать специализацию)', NULL, 'Д17', NULL, 0, 0, 2, 0);
INSERT INTO trfu.trfu_donor_rejection_types(id, uuid, deleted, VALUE, category, code, commentary, days, months, TYPE, years) VALUES (156, NULL, 0, 'Направлен на обследование', NULL, 'Д42', NULL, 0, 0, 2, 0);
INSERT INTO trfu.trfu_donor_rejection_types(id, uuid, deleted, VALUE, category, code, commentary, days, months, TYPE, years) VALUES (157, NULL, 0, 'После приема алкоголя', NULL, 'А', NULL, 2, 0, 0, 0);
INSERT INTO trfu.trfu_donor_types(id, uuid, deleted, VALUE) VALUES (12, NULL, 0, 'Безвозмездный');
INSERT INTO trfu.trfu_donor_types(id, uuid, deleted, VALUE) VALUES (13, NULL, 0, 'Платный');
INSERT INTO trfu.trfu_donor_types(id, uuid, deleted, VALUE) VALUES (14, NULL, 0, 'Аутодонор');
INSERT INTO trfu.trfu_examination_entry_types(id, uuid, deleted, VALUE, category, defaultValue, fieldType, LEVEL, writable, parentEntry_id) VALUES (10, NULL, 0, 'Жалобы', '', 'Нет', 0, 6, 1, NULL);
INSERT INTO trfu.trfu_examination_entry_types(id, uuid, deleted, VALUE, category, defaultValue, fieldType, LEVEL, writable, parentEntry_id) VALUES (12, NULL, 0, 'Общее состояние', '', 'Удовлетворительное', 0, 7, 1, NULL);
INSERT INTO trfu.trfu_examination_entry_types(id, uuid, deleted, VALUE, category, defaultValue, fieldType, LEVEL, writable, parentEntry_id) VALUES (13, NULL, 0, 'Рост', '', '', 0, 4, 1, NULL);
INSERT INTO trfu.trfu_examination_entry_types(id, uuid, deleted, VALUE, category, defaultValue, fieldType, LEVEL, writable, parentEntry_id) VALUES (14, NULL, 0, 'Вес', '', '', 0, 5, 1, NULL);
INSERT INTO trfu.trfu_examination_entry_types(id, uuid, deleted, VALUE, category, defaultValue, fieldType, LEVEL, writable, parentEntry_id) VALUES (15, NULL, 0, 'Самочувствие', '', 'Удовлетворительное', 0, 6, 1, NULL);
INSERT INTO trfu.trfu_examination_entry_types(id, uuid, deleted, VALUE, category, defaultValue, fieldType, LEVEL, writable, parentEntry_id) VALUES (18, NULL, 0, 'Кожные покровы', '', 'Чистые', 0, 8, 1, NULL);
INSERT INTO trfu.trfu_examination_entry_types(id, uuid, deleted, VALUE, category, defaultValue, fieldType, LEVEL, writable, parentEntry_id) VALUES (25, NULL, 0, 'Лимфатическая система', '', 'Периферические лимфоузлы не увеличены', 0, 10, 1, NULL);
INSERT INTO trfu.trfu_examination_entry_types(id, uuid, deleted, VALUE, category, defaultValue, fieldType, LEVEL, writable, parentEntry_id) VALUES (30, NULL, 0, 'Опорно-двигательный аппарат', '', 'Без патологии', 0, 18, 1, NULL);
INSERT INTO trfu.trfu_examination_entry_types(id, uuid, deleted, VALUE, category, defaultValue, fieldType, LEVEL, writable, parentEntry_id) VALUES (32, NULL, 0, 'Органы дыхания', '', 'Без патологии', 0, 11, 1, NULL);
INSERT INTO trfu.trfu_examination_entry_types(id, uuid, deleted, VALUE, category, defaultValue, fieldType, LEVEL, writable, parentEntry_id) VALUES (35, NULL, 0, 'Температура, t° C', '', '', 0, 2, 1, NULL);
INSERT INTO trfu.trfu_examination_entry_types(id, uuid, deleted, VALUE, category, defaultValue, fieldType, LEVEL, writable, parentEntry_id) VALUES (37, NULL, 0, 'Аускультативно', '', 'Дыхание везикулярное', 0, 12, 1, 32);
INSERT INTO trfu.trfu_examination_entry_types(id, uuid, deleted, VALUE, category, defaultValue, fieldType, LEVEL, writable, parentEntry_id) VALUES (44, NULL, 0, 'Сердечно-сосудистая система', '', '', 0, 13, 0, NULL);
INSERT INTO trfu.trfu_examination_entry_types(id, uuid, deleted, VALUE, category, defaultValue, fieldType, LEVEL, writable, parentEntry_id) VALUES (47, NULL, 0, 'Аускультация сердца', '', 'Тоны сердца ясные, ритмичные', 0, 14, 1, 44);
INSERT INTO trfu.trfu_examination_entry_types(id, uuid, deleted, VALUE, category, defaultValue, fieldType, LEVEL, writable, parentEntry_id) VALUES (49, NULL, 0, 'Пульс', '', '', 0, 3, 1, NULL);
INSERT INTO trfu.trfu_examination_entry_types(id, uuid, deleted, VALUE, category, defaultValue, fieldType, LEVEL, writable, parentEntry_id) VALUES (51, NULL, 0, 'АД мм.рт.ст.', '', '', 0, 1, 1, NULL);
INSERT INTO trfu.trfu_examination_entry_types(id, uuid, deleted, VALUE, category, defaultValue, fieldType, LEVEL, writable, parentEntry_id) VALUES (53, NULL, 0, 'Пищеварительная система', '', 'Без патологии', 0, 15, 1, NULL);
INSERT INTO trfu.trfu_examination_entry_types(id, uuid, deleted, VALUE, category, defaultValue, fieldType, LEVEL, writable, parentEntry_id) VALUES (54, NULL, 0, 'Живот', '', 'мягкий, безболезненный', 0, 16, 1, 53);
INSERT INTO trfu.trfu_examination_entry_types(id, uuid, deleted, VALUE, category, defaultValue, fieldType, LEVEL, writable, parentEntry_id) VALUES (56, NULL, 0, 'Печень', '', 'по краю реберной дуги', 0, 17, 1, 53);
INSERT INTO trfu.trfu_examination_entry_types(id, uuid, deleted, VALUE, category, defaultValue, fieldType, LEVEL, writable, parentEntry_id) VALUES (60, NULL, 0, 'Слизистые', NULL, 'Бледно-розовые', 0, 9, 1, 18);
INSERT INTO trfu.trfu_examination_entry_types(id, uuid, deleted, VALUE, category, defaultValue, fieldType, LEVEL, writable, parentEntry_id) VALUES (61, NULL, 0, 'Дополнительно', NULL, NULL, 1, 19, 1, NULL);
INSERT INTO trfu.trfu_idle_periods(id, uuid, days, deleted, dose, maxDose, donationType_id, secondaryDonationType_id) VALUES (1, NULL, 60, 0, 0, 0, 1, 1);
INSERT INTO trfu.trfu_idle_periods(id, uuid, days, deleted, dose, maxDose, donationType_id, secondaryDonationType_id) VALUES (2, NULL, 30, 0, 0, 0, 1, 3);
INSERT INTO trfu.trfu_idle_periods(id, uuid, days, deleted, dose, maxDose, donationType_id, secondaryDonationType_id) VALUES (3, NULL, 30, 0, 0, 0, 1, 4);
INSERT INTO trfu.trfu_idle_periods(id, uuid, days, deleted, dose, maxDose, donationType_id, secondaryDonationType_id) VALUES (4, NULL, 7, 0, 0, 300, 4, 1);
INSERT INTO trfu.trfu_idle_periods(id, uuid, days, deleted, dose, maxDose, donationType_id, secondaryDonationType_id) VALUES (5, NULL, 7, 0, 0, 300, 4, 3);
INSERT INTO trfu.trfu_idle_periods(id, uuid, days, deleted, dose, maxDose, donationType_id, secondaryDonationType_id) VALUES (6, NULL, 7, 0, 0, 300, 4, 4);
INSERT INTO trfu.trfu_idle_periods(id, uuid, days, deleted, dose, maxDose, donationType_id, secondaryDonationType_id) VALUES (7, NULL, 14, 0, 301, 600, 4, 1);
INSERT INTO trfu.trfu_idle_periods(id, uuid, days, deleted, dose, maxDose, donationType_id, secondaryDonationType_id) VALUES (8, NULL, 14, 0, 301, 600, 4, 3);
INSERT INTO trfu.trfu_idle_periods(id, uuid, days, deleted, dose, maxDose, donationType_id, secondaryDonationType_id) VALUES (9, NULL, 14, 0, 301, 600, 4, 4);
INSERT INTO trfu.trfu_idle_periods(id, uuid, days, deleted, dose, maxDose, donationType_id, secondaryDonationType_id) VALUES (10, NULL, 14, 0, 0, 0, 3, 1);
INSERT INTO trfu.trfu_idle_periods(id, uuid, days, deleted, dose, maxDose, donationType_id, secondaryDonationType_id) VALUES (11, NULL, 14, 0, 0, 0, 3, 3);
INSERT INTO trfu.trfu_idle_periods(id, uuid, days, deleted, dose, maxDose, donationType_id, secondaryDonationType_id) VALUES (12, NULL, 14, 0, 0, 0, 3, 4);
INSERT INTO trfu.trfu_processing_types(id, uuid, deleted, VALUE) VALUES (1, NULL, 0, 'Фильтрация');
INSERT INTO trfu.trfu_processing_types(id, uuid, deleted, VALUE) VALUES (2, NULL, 0, 'Облучение');
INSERT INTO trfu.trfu_quality_control_mapping_entries(id, uuid, deleted, VALUE) VALUES (1, NULL, 0, '2');
INSERT INTO trfu.trfu_quality_control_mapping_entries(id, uuid, deleted, VALUE) VALUES (2, NULL, 0, '1');
INSERT INTO trfu.trfu_quality_control_mapping_entries(id, uuid, deleted, VALUE) VALUES (3, NULL, 0, '4');
INSERT INTO trfu.trfu_quality_control_mapping_entries(id, uuid, deleted, VALUE) VALUES (4, NULL, 0, '3');
INSERT INTO trfu.trfu_quality_control_mapping_entries(id, uuid, deleted, VALUE) VALUES (5, NULL, 0, '5');
INSERT INTO trfu.trfu_quality_control_mapping_entries(id, uuid, deleted, VALUE) VALUES (6, NULL, 0, '6');
INSERT INTO trfu.trfu_quality_control_mapping_entries(id, uuid, deleted, VALUE) VALUES (7, NULL, 0, '7');
INSERT INTO trfu.trfu_quality_control_mapping_entries(id, uuid, deleted, VALUE) VALUES (8, NULL, 0, '8');
INSERT INTO trfu.trfu_quality_control_mapping_entries(id, uuid, deleted, VALUE) VALUES (9, NULL, 0, '9');
INSERT INTO trfu.trfu_quality_control_mapping_entries(id, uuid, deleted, VALUE) VALUES (10, NULL, 0, '10');
INSERT INTO trfu.trfu_quality_control_mapping_entries(id, uuid, deleted, VALUE) VALUES (11, NULL, 0, '11');
INSERT INTO trfu.trfu_quality_control_mapping_entry_tests(entry_id, test_id) VALUES (2, 71);
INSERT INTO trfu.trfu_quality_control_mapping_entry_tests(entry_id, test_id) VALUES (2, 72);
INSERT INTO trfu.trfu_quality_control_mapping_entry_tests(entry_id, test_id) VALUES (2, 73);
INSERT INTO trfu.trfu_quality_control_mapping_entry_tests(entry_id, test_id) VALUES (11, 110);
INSERT INTO trfu.trfu_quality_control_mapping_entry_tests(entry_id, test_id) VALUES (11, 94);
INSERT INTO trfu.trfu_quality_control_mapping_entry_tests(entry_id, test_id) VALUES (10, 108);
INSERT INTO trfu.trfu_quality_control_mapping_entry_tests(entry_id, test_id) VALUES (10, 109);
INSERT INTO trfu.trfu_quality_control_mapping_entry_tests(entry_id, test_id) VALUES (10, 92);
INSERT INTO trfu.trfu_quality_control_mapping_entry_tests(entry_id, test_id) VALUES (9, 87);
INSERT INTO trfu.trfu_quality_control_mapping_entry_tests(entry_id, test_id) VALUES (9, 88);
INSERT INTO trfu.trfu_quality_control_mapping_entry_tests(entry_id, test_id) VALUES (9, 89);
INSERT INTO trfu.trfu_quality_control_mapping_entry_tests(entry_id, test_id) VALUES (9, 90);
INSERT INTO trfu.trfu_quality_control_mapping_entry_tests(entry_id, test_id) VALUES (9, 91);
INSERT INTO trfu.trfu_quality_control_mapping_entry_tests(entry_id, test_id) VALUES (9, 107);
INSERT INTO trfu.trfu_quality_control_mapping_entry_tests(entry_id, test_id) VALUES (8, 86);
INSERT INTO trfu.trfu_quality_control_mapping_entry_tests(entry_id, test_id) VALUES (8, 104);
INSERT INTO trfu.trfu_quality_control_mapping_entry_tests(entry_id, test_id) VALUES (8, 105);
INSERT INTO trfu.trfu_quality_control_mapping_entry_tests(entry_id, test_id) VALUES (8, 106);
INSERT INTO trfu.trfu_quality_control_mapping_entry_tests(entry_id, test_id) VALUES (7, 84);
INSERT INTO trfu.trfu_quality_control_mapping_entry_tests(entry_id, test_id) VALUES (7, 85);
INSERT INTO trfu.trfu_quality_control_mapping_entry_tests(entry_id, test_id) VALUES (7, 83);
INSERT INTO trfu.trfu_quality_control_mapping_entry_tests(entry_id, test_id) VALUES (7, 86);
INSERT INTO trfu.trfu_quality_control_mapping_entry_tests(entry_id, test_id) VALUES (7, 103);
INSERT INTO trfu.trfu_quality_control_mapping_entry_tests(entry_id, test_id) VALUES (7, 82);
INSERT INTO trfu.trfu_quality_control_mapping_entry_tests(entry_id, test_id) VALUES (6, 80);
INSERT INTO trfu.trfu_quality_control_mapping_entry_tests(entry_id, test_id) VALUES (6, 81);
INSERT INTO trfu.trfu_quality_control_mapping_entry_tests(entry_id, test_id) VALUES (6, 73);
INSERT INTO trfu.trfu_quality_control_mapping_entry_tests(entry_id, test_id) VALUES (6, 74);
INSERT INTO trfu.trfu_quality_control_mapping_entry_tests(entry_id, test_id) VALUES (6, 100);
INSERT INTO trfu.trfu_quality_control_mapping_entry_tests(entry_id, test_id) VALUES (5, 74);
INSERT INTO trfu.trfu_quality_control_mapping_entry_tests(entry_id, test_id) VALUES (5, 77);
INSERT INTO trfu.trfu_quality_control_mapping_entry_tests(entry_id, test_id) VALUES (5, 78);
INSERT INTO trfu.trfu_quality_control_mapping_entry_tests(entry_id, test_id) VALUES (5, 79);
INSERT INTO trfu.trfu_quality_control_mapping_entry_tests(entry_id, test_id) VALUES (5, 111);
INSERT INTO trfu.trfu_quality_control_mapping_entry_tests(entry_id, test_id) VALUES (5, 112);
INSERT INTO trfu.trfu_quality_control_mapping_entry_tests(entry_id, test_id) VALUES (5, 113);
INSERT INTO trfu.trfu_quality_control_mapping_entry_tests(entry_id, test_id) VALUES (3, 72);
INSERT INTO trfu.trfu_quality_control_mapping_entry_tests(entry_id, test_id) VALUES (3, 73);
INSERT INTO trfu.trfu_quality_control_mapping_entry_tests(entry_id, test_id) VALUES (3, 101);
INSERT INTO trfu.trfu_quality_control_mapping_entry_tests(entry_id, test_id) VALUES (3, 100);
INSERT INTO trfu.trfu_quality_control_mapping_entry_tests(entry_id, test_id) VALUES (4, 73);
INSERT INTO trfu.trfu_quality_control_mapping_entry_tests(entry_id, test_id) VALUES (4, 74);
INSERT INTO trfu.trfu_quality_control_mapping_entry_tests(entry_id, test_id) VALUES (4, 75);
INSERT INTO trfu.trfu_quality_control_mapping_entry_tests(entry_id, test_id) VALUES (4, 99);
INSERT INTO trfu.trfu_quality_control_mapping_entry_tests(entry_id, test_id) VALUES (4, 98);
INSERT INTO trfu.trfu_quality_control_mapping_entry_tests(entry_id, test_id) VALUES (1, 74);
INSERT INTO trfu.trfu_quality_control_mapping_entry_tests(entry_id, test_id) VALUES (1, 72);
INSERT INTO trfu.trfu_quality_control_mapping_entry_tests(entry_id, test_id) VALUES (1, 73);
INSERT INTO trfu.trfu_quality_control_mapping_entry_tests(entry_id, test_id) VALUES (1, 96);
INSERT INTO trfu.trfu_quality_control_mapping_entry_types(entry_id, component_type_id) VALUES (1, 6);
INSERT INTO trfu.trfu_quality_control_mapping_entry_types(entry_id, component_type_id) VALUES (1, 7);
INSERT INTO trfu.trfu_quality_control_mapping_entry_types(entry_id, component_type_id) VALUES (1, 10);
INSERT INTO trfu.trfu_quality_control_mapping_entry_types(entry_id, component_type_id) VALUES (1, 44);
INSERT INTO trfu.trfu_quality_control_mapping_entry_types(entry_id, component_type_id) VALUES (1, 70);
INSERT INTO trfu.trfu_quality_control_mapping_entry_types(entry_id, component_type_id) VALUES (2, 4);
INSERT INTO trfu.trfu_quality_control_mapping_entry_types(entry_id, component_type_id) VALUES (2, 5);
INSERT INTO trfu.trfu_quality_control_mapping_entry_types(entry_id, component_type_id) VALUES (2, 86);
INSERT INTO trfu.trfu_quality_control_mapping_entry_types(entry_id, component_type_id) VALUES (2, 87);
INSERT INTO trfu.trfu_quality_control_mapping_entry_types(entry_id, component_type_id) VALUES (2, 88);
INSERT INTO trfu.trfu_quality_control_mapping_entry_types(entry_id, component_type_id) VALUES (4, 10);
INSERT INTO trfu.trfu_quality_control_mapping_entry_types(entry_id, component_type_id) VALUES (4, 71);
INSERT INTO trfu.trfu_quality_control_mapping_entry_types(entry_id, component_type_id) VALUES (4, 69);
INSERT INTO trfu.trfu_quality_control_mapping_entry_types(entry_id, component_type_id) VALUES (4, 79);
INSERT INTO trfu.trfu_quality_control_mapping_entry_types(entry_id, component_type_id) VALUES (4, 80);
INSERT INTO trfu.trfu_quality_control_mapping_entry_types(entry_id, component_type_id) VALUES (3, 13);
INSERT INTO trfu.trfu_quality_control_mapping_entry_types(entry_id, component_type_id) VALUES (3, 14);
INSERT INTO trfu.trfu_quality_control_mapping_entry_types(entry_id, component_type_id) VALUES (3, 72);
INSERT INTO trfu.trfu_quality_control_mapping_entry_types(entry_id, component_type_id) VALUES (3, 73);
INSERT INTO trfu.trfu_quality_control_mapping_entry_types(entry_id, component_type_id) VALUES (3, 65);
INSERT INTO trfu.trfu_quality_control_mapping_entry_types(entry_id, component_type_id) VALUES (3, 81);
INSERT INTO trfu.trfu_quality_control_mapping_entry_types(entry_id, component_type_id) VALUES (3, 82);
INSERT INTO trfu.trfu_quality_control_mapping_entry_types(entry_id, component_type_id) VALUES (3, 83);
INSERT INTO trfu.trfu_quality_control_mapping_entry_types(entry_id, component_type_id) VALUES (3, 84);
INSERT INTO trfu.trfu_quality_control_mapping_entry_types(entry_id, component_type_id) VALUES (5, 85);
INSERT INTO trfu.trfu_quality_control_mapping_entry_types(entry_id, component_type_id) VALUES (5, 74);
INSERT INTO trfu.trfu_quality_control_mapping_entry_types(entry_id, component_type_id) VALUES (6, 67);
INSERT INTO trfu.trfu_quality_control_mapping_entry_types(entry_id, component_type_id) VALUES (7, 17);
INSERT INTO trfu.trfu_quality_control_mapping_entry_types(entry_id, component_type_id) VALUES (7, 89);
INSERT INTO trfu.trfu_quality_control_mapping_entry_types(entry_id, component_type_id) VALUES (8, 108);
INSERT INTO trfu.trfu_quality_control_mapping_entry_types(entry_id, component_type_id) VALUES (8, 25);
INSERT INTO trfu.trfu_quality_control_mapping_entry_types(entry_id, component_type_id) VALUES (8, 109);
INSERT INTO trfu.trfu_quality_control_mapping_entry_types(entry_id, component_type_id) VALUES (8, 110);
INSERT INTO trfu.trfu_quality_control_mapping_entry_types(entry_id, component_type_id) VALUES (9, 26);
INSERT INTO trfu.trfu_quality_control_mapping_entry_types(entry_id, component_type_id) VALUES (9, 112);
INSERT INTO trfu.trfu_quality_control_mapping_entry_types(entry_id, component_type_id) VALUES (9, 28);
INSERT INTO trfu.trfu_quality_control_mapping_entry_types(entry_id, component_type_id) VALUES (9, 29);
INSERT INTO trfu.trfu_quality_control_mapping_entry_types(entry_id, component_type_id) VALUES (9, 114);
INSERT INTO trfu.trfu_quality_control_mapping_entry_types(entry_id, component_type_id) VALUES (9, 115);
INSERT INTO trfu.trfu_quality_control_mapping_entry_types(entry_id, component_type_id) VALUES (9, 116);
INSERT INTO trfu.trfu_quality_control_mapping_entry_types(entry_id, component_type_id) VALUES (9, 117);
INSERT INTO trfu.trfu_quality_control_mapping_entry_types(entry_id, component_type_id) VALUES (10, 40);
INSERT INTO trfu.trfu_quality_control_mapping_entry_types(entry_id, component_type_id) VALUES (11, 39);
INSERT INTO trfu.trfu_quality_control_mapping_entry_types(entry_id, component_type_id) VALUES (11, 38);
INSERT INTO trfu.trfu_quarantine_types(id, uuid, days, deleted, months, years, componentType_id) VALUES (1, NULL, 0, 0, 6, 0, 26);
INSERT INTO trfu.trfu_quarantine_types(id, uuid, days, deleted, months, years, componentType_id) VALUES (2, NULL, 0, 0, 6, 0, 28);
INSERT INTO trfu.trfu_quarantine_types(id, uuid, days, deleted, months, years, componentType_id) VALUES (3, NULL, 0, 0, 6, 0, 29);
INSERT INTO trfu.trfu_quarantine_types(id, uuid, days, deleted, months, years, componentType_id) VALUES (4, NULL, 0, 0, 6, 0, 31);
INSERT INTO trfu.trfu_quarantine_types(id, uuid, days, deleted, months, years, componentType_id) VALUES (5, NULL, 0, 0, 6, 0, 32);
INSERT INTO trfu.trfu_quarantine_types(id, uuid, days, deleted, months, years, componentType_id) VALUES (6, NULL, 0, 0, 6, 0, 4);
INSERT INTO trfu.trfu_quarantine_types(id, uuid, days, deleted, months, years, componentType_id) VALUES (7, NULL, 0, 0, 6, 0, 5);
INSERT INTO trfu.trfu_quarantine_types(id, uuid, days, deleted, months, years, componentType_id) VALUES (8, NULL, 0, 0, 6, 0, 6);
INSERT INTO trfu.trfu_quarantine_types(id, uuid, days, deleted, months, years, componentType_id) VALUES (9, NULL, 0, 0, 6, 0, 7);
INSERT INTO trfu.trfu_quarantine_types(id, uuid, days, deleted, months, years, componentType_id) VALUES (11, NULL, 0, 0, 6, 0, 10);
INSERT INTO trfu.trfu_quarantine_types(id, uuid, days, deleted, months, years, componentType_id) VALUES (12, NULL, 0, 0, 6, 0, 13);
INSERT INTO trfu.trfu_quarantine_types(id, uuid, days, deleted, months, years, componentType_id) VALUES (13, NULL, 0, 0, 6, 0, 14);
INSERT INTO trfu.trfu_quarantine_types(id, uuid, days, deleted, months, years, componentType_id) VALUES (14, NULL, 0, 0, 6, 0, 17);
INSERT INTO trfu.trfu_quarantine_types(id, uuid, days, deleted, months, years, componentType_id) VALUES (15, NULL, 0, 0, 6, 0, 19);
INSERT INTO trfu.trfu_quarantine_types(id, uuid, days, deleted, months, years, componentType_id) VALUES (16, NULL, 0, 0, 6, 0, 38);
INSERT INTO trfu.trfu_quarantine_types(id, uuid, days, deleted, months, years, componentType_id) VALUES (17, NULL, 0, 0, 6, 0, 40);
INSERT INTO trfu.trfu_quarantine_types(id, uuid, days, deleted, months, years, componentType_id) VALUES (18, NULL, 0, 0, 6, 0, 41);
INSERT INTO trfu.trfu_quarantine_types(id, uuid, days, deleted, months, years, componentType_id) VALUES (19, NULL, 0, 0, 6, 0, 44);
INSERT INTO trfu.trfu_quarantine_types(id, uuid, days, deleted, months, years, componentType_id) VALUES (21, NULL, 0, 0, 6, 0, 65);
